[{"id":"user-file-FontsFree-Net-SFProDisplay-Semibold.ttf","fileName":"FontsFree-Net-SFProDisplay-Semibold.ttf","name":"FontsFree-Net-SFProDisplay-Semibold","publicUrl":"np://user.desktop.nicepage.com/Site_53869488/fonts/FontsFree-Net-SFProDisplay-Semibold.ttf","size":435008},{"id":"user-file-FontsFree-Net-SFProText-Bold-1.ttf","fileName":"FontsFree-Net-SFProText-Bold-1.ttf","name":"FontsFree-Net-SFProText-Bold-1","publicUrl":"np://user.desktop.nicepage.com/Site_53869488/fonts/FontsFree-Net-SFProText-Bold-1.ttf","size":456924},{"id":"user-file-FontsFree-Net-SFProText-Regular-1.ttf","fileName":"FontsFree-Net-SFProText-Regular-1.ttf","name":"FontsFree-Net-SFProText-Regular-1","publicUrl":"np://user.desktop.nicepage.com/Site_53869488/fonts/FontsFree-Net-SFProText-Regular-1.ttf","size":434120},{"id":"user-file-FontsFree-Net-SFProText-Semibold-1.ttf","fileName":"FontsFree-Net-SFProText-Semibold-1.ttf","name":"FontsFree-Net-SFProText-Semibold-1","publicUrl":"np://user.desktop.nicepage.com/Site_53869488/fonts/FontsFree-Net-SFProText-Semibold-1.ttf","size":453440},{"id":"user-file-SFPRODISPLAYBOLD.OTF","fileName":"SFPRODISPLAYBOLD.OTF","name":"SFPRODISPLAYBOLD","publicUrl":"np://user.desktop.nicepage.com/Site_53869488/fonts/SFPRODISPLAYBOLD.OTF","size":334728}]