[{"id":"user-image-icon_accessibility__giv38typ9i62_large_2x.png","publicUrl":"np://user.desktop.nicepage.com/Site_53869488/images/icon_accessibility__giv38typ9i62_large_2x.png","size":3746,"hash":"9vw/fgKgA3fkkGpWrAJScodI4hg=","fileName":"icon_accessibility__giv38typ9i62_large_2x.png","name":"icon_accessibility__giv38typ9i62_large_2x","width":152,"height":156,"thumbnail":{"url":"np://user.desktop.nicepage.com/Site_53869488/images/thumbnails/icon_accessibility__giv38typ9i62_large_2x.png","width":152,"height":156,"length":3746,"type":"png"},"folderId":null,"usages":["37677634"]},{"id":"user-image-icon_environment__fergo8dly02u_large_2x.png","publicUrl":"np://user.desktop.nicepage.com/Site_53869488/images/icon_environment__fergo8dly02u_large_2x.png","size":2157,"hash":"nCh80AnKEc+fV4UONZi83y0QQEM=","fileName":"icon_environment__fergo8dly02u_large_2x.png","name":"icon_environment__fergo8dly02u_large_2x","width":152,"height":156,"thumbnail":{"url":"np://user.desktop.nicepage.com/Site_53869488/images/thumbnails/icon_environment__fergo8dly02u_large_2x.png","width":152,"height":156,"length":2157,"type":"png"},"folderId":null,"usages":["37677634"]},{"id":"user-image-icon_privacy__11f8suqnrqai_large_2x.png","publicUrl":"np://user.desktop.nicepage.com/Site_53869488/images/icon_privacy__11f8suqnrqai_large_2x.png","size":3285,"hash":"ozSQvVzObBYPV+Wk1LE6XEv8uhE=","fileName":"icon_privacy__11f8suqnrqai_large_2x.png","name":"icon_privacy__11f8suqnrqai_large_2x","width":152,"height":156,"thumbnail":{"url":"np://user.desktop.nicepage.com/Site_53869488/images/thumbnails/icon_privacy__11f8suqnrqai_large_2x.png","width":152,"height":156,"length":3285,"type":"png"},"folderId":null,"usages":["37677634"]},{"id":"user-image-27223.png","publicUrl":"np://user.desktop.nicepage.com/Site_53869488/images/27223.png","size":1595,"hash":"fJXYWZnH2a6O8s4EOQPVi3gGTL4=","fileName":"27223.png","name":"27223","width":128,"height":128,"thumbnail":{"url":"np://user.desktop.nicepage.com/Site_53869488/images/thumbnails/27223.png","width":128,"height":128,"length":1595,"type":"png"},"folderId":null,"usages":["37677634"]},{"id":"user-image-duke_university_startframe__ba13o9oe3eg2_large_2x.jpg","publicUrl":"np://user.desktop.nicepage.com/Site_53869488/images/duke_university_startframe__ba13o9oe3eg2_large_2x.jpg","size":209446,"hash":"Eo6JeBeEM8630UfRCFxzlWdVoRI=","fileName":"duke_university_startframe__ba13o9oe3eg2_large_2x.jpg","name":"duke_university_startframe__ba13o9oe3eg2_large_2x","width":1160,"height":652,"thumbnail":{"url":"np://user.desktop.nicepage.com/Site_53869488/images/thumbnails/duke_university_startframe__ba13o9oe3eg2_large_2x.jpg","width":250,"height":141},"folderId":null,"usages":["37677634"]},{"id":"user-image-992651.png","publicUrl":"np://user.desktop.nicepage.com/Site_53869488/images/992651.png","size":3631,"hash":"vx3m5/Y97WMauJHjgRinxwu+qJk=","fileName":"992651.png","name":"992651","width":128,"height":128,"thumbnail":{"url":"np://user.desktop.nicepage.com/Site_53869488/images/thumbnails/992651.png","width":128,"height":128,"length":3631,"type":"png"},"folderId":null,"usages":["37677634"]},{"id":"user-image-kentucky__fcxjvi1ln6ye_large_2x.jpg","publicUrl":"np://user.desktop.nicepage.com/Site_53869488/images/kentucky__fcxjvi1ln6ye_large_2x.jpg","size":615718,"hash":"bmBZ8nevcZtRt5W7dbAlxjGVW+I=","fileName":"kentucky__fcxjvi1ln6ye_large_2x.jpg","name":"kentucky__fcxjvi1ln6ye_large_2x","width":2400,"height":1350,"thumbnail":{"url":"np://user.desktop.nicepage.com/Site_53869488/images/thumbnails/kentucky__fcxjvi1ln6ye_large_2x.jpg","width":250,"height":141},"folderId":null,"usages":["37677634"]},{"id":"user-image-deployment_architects__cff1v4pt9nhy_large_2x.jpg","publicUrl":"np://user.desktop.nicepage.com/Site_53869488/images/deployment_architects__cff1v4pt9nhy_large_2x.jpg","size":562979,"hash":"v1z6fkSNngmSiI3k86gAAZMmZ54=","fileName":"deployment_architects__cff1v4pt9nhy_large_2x.jpg","name":"deployment_architects__cff1v4pt9nhy_large_2x","width":3500,"height":1372,"thumbnail":{"url":"np://user.desktop.nicepage.com/Site_53869488/images/thumbnails/deployment_architects__cff1v4pt9nhy_large_2x.jpg","width":250,"height":98},"folderId":null,"usages":["37677634"]},{"id":"user-image-products_apple_tv_siri_remote__ddmkgdsb662q_large_2x.jpg","publicUrl":"np://user.desktop.nicepage.com/Site_53869488/images/products_apple_tv_siri_remote__ddmkgdsb662q_large_2x.jpg","size":21112,"hash":"uXT2gPBGtd7hjshBJrAwZoZBVHg=","fileName":"products_apple_tv_siri_remote__ddmkgdsb662q_large_2x.jpg","name":"products_apple_tv_siri_remote__ddmkgdsb662q_large_2x","width":612,"height":532,"thumbnail":{"url":"np://user.desktop.nicepage.com/Site_53869488/images/thumbnails/products_apple_tv_siri_remote__ddmkgdsb662q_large_2x.jpg","width":250,"height":217},"folderId":null,"usages":["37677634"]},{"id":"user-image-icon_complete_anatomy__bsr1ui55zriu_large_2x.png","publicUrl":"np://user.desktop.nicepage.com/Site_53869488/images/icon_complete_anatomy__bsr1ui55zriu_large_2x.png","size":6936,"hash":"iI7lg3K7MDURBY1PLAa39TdrGvk=","fileName":"icon_complete_anatomy__bsr1ui55zriu_large_2x.png","name":"icon_complete_anatomy__bsr1ui55zriu_large_2x","width":64,"height":64,"thumbnail":{"url":"np://user.desktop.nicepage.com/Site_53869488/images/thumbnails/icon_complete_anatomy__bsr1ui55zriu_large_2x.png","width":64,"height":64,"length":6936,"type":"png"},"folderId":null,"usages":[]},{"id":"user-image-products_tv__dp6lbc5wmtea_large_2x.jpg","publicUrl":"np://user.desktop.nicepage.com/Site_53869488/images/products_tv__dp6lbc5wmtea_large_2x.jpg","size":453347,"hash":"aUN0n5xVn0mMDZhw2Zj2ZnCNNls=","fileName":"products_tv__dp6lbc5wmtea_large_2x.jpg","name":"products_tv__dp6lbc5wmtea_large_2x","width":1960,"height":1184,"thumbnail":{"url":"np://user.desktop.nicepage.com/Site_53869488/images/thumbnails/products_tv__dp6lbc5wmtea_large_2x.jpg","width":250,"height":151},"folderId":null,"usages":["37677634"]},{"id":"user-image-icon_morpholio_trace__9fk3jmj7lci6_large_2x.png","publicUrl":"np://user.desktop.nicepage.com/Site_53869488/images/icon_morpholio_trace__9fk3jmj7lci6_large_2x.png","size":4703,"hash":"G6UgArsUfJzH0x+j8tRwkqQLtMY=","fileName":"icon_morpholio_trace__9fk3jmj7lci6_large_2x.png","name":"icon_morpholio_trace__9fk3jmj7lci6_large_2x","width":64,"height":64,"thumbnail":{"url":"np://user.desktop.nicepage.com/Site_53869488/images/thumbnails/icon_morpholio_trace__9fk3jmj7lci6_large_2x.png","width":64,"height":64,"length":4703,"type":"png"},"folderId":null,"usages":[]},{"id":"user-image-products_ipad__b4py81nkpsly_large_2x.jpg","publicUrl":"np://user.desktop.nicepage.com/Site_53869488/images/products_ipad__b4py81nkpsly_large_2x.jpg","size":300124,"hash":"YdjUBBTjMM+lAyOIu/qrCKAyb7c=","fileName":"products_ipad__b4py81nkpsly_large_2x.jpg","name":"products_ipad__b4py81nkpsly_large_2x","width":1778,"height":1618,"thumbnail":{"url":"np://user.desktop.nicepage.com/Site_53869488/images/thumbnails/products_ipad__b4py81nkpsly_large_2x.jpg","width":250,"height":228},"folderId":null,"usages":["37677634"]},{"id":"user-image-icon_maya__fh1j7i5jym62_large_2x.png","publicUrl":"np://user.desktop.nicepage.com/Site_53869488/images/icon_maya__fh1j7i5jym62_large_2x.png","size":4220,"hash":"ZfpwIM97kSWN2Ria90SmAs4sJ7U=","fileName":"icon_maya__fh1j7i5jym62_large_2x.png","name":"icon_maya__fh1j7i5jym62_large_2x","width":64,"height":64,"thumbnail":{"url":"np://user.desktop.nicepage.com/Site_53869488/images/thumbnails/icon_maya__fh1j7i5jym62_large_2x.png","width":64,"height":64,"length":4220,"type":"png"},"folderId":null,"usages":["37677634"]},{"id":"user-image-products_macbook__06dc7nvmx5uu_large_2x.jpg","publicUrl":"np://user.desktop.nicepage.com/Site_53869488/images/products_macbook__06dc7nvmx5uu_large_2x.jpg","size":511449,"hash":"LBu5Tn9CwEBCD59shHfRQxntmA4=","fileName":"products_macbook__06dc7nvmx5uu_large_2x.jpg","name":"products_macbook__06dc7nvmx5uu_large_2x","width":2316,"height":1376,"thumbnail":{"url":"np://user.desktop.nicepage.com/Site_53869488/images/thumbnails/products_macbook__06dc7nvmx5uu_large_2x.jpg","width":250,"height":149},"folderId":null,"usages":["37677634"]},{"id":"user-image-hero__ebxx5f9ked8i_large_2x.jpg","publicUrl":"np://user.desktop.nicepage.com/Site_53869488/images/hero__ebxx5f9ked8i_large_2x.jpg","size":1580492,"hash":"oKOCifWlMYGi0ka3qDdtgpQ4jc8=","fileName":"hero__ebxx5f9ked8i_large_2x.jpg","name":"hero__ebxx5f9ked8i_large_2x","width":3888,"height":2484,"thumbnail":{"url":"np://user.desktop.nicepage.com/Site_53869488/images/thumbnails/hero__ebxx5f9ked8i_large_2x.jpg","width":250,"height":160},"folderId":null,"usages":["37677634"]},{"id":"user-image-productivity_portrait__bj4qm70qmxaq_large_2x.jpg","publicUrl":"np://user.desktop.nicepage.com/Site_53869488/images/productivity_portrait__bj4qm70qmxaq_large_2x.jpg","size":52767,"hash":"SRkCTMrfITHRgtvBpzTlWy0hCNg=","fileName":"productivity_portrait__bj4qm70qmxaq_large_2x.jpg","name":"productivity_portrait__bj4qm70qmxaq_large_2x","width":468,"height":468,"thumbnail":{"url":"np://user.desktop.nicepage.com/Site_53869488/images/thumbnails/productivity_portrait__bj4qm70qmxaq_large_2x.jpg","width":250,"height":250},"folderId":null,"usages":["36242004"]},{"id":"user-image-productivity_iphone_projects__3rxkwmsu0wi6_large_2x.png","publicUrl":"np://user.desktop.nicepage.com/Site_53869488/images/productivity_iphone_projects__3rxkwmsu0wi6_large_2x.png","size":117682,"hash":"BoyRzCOvtJJtCtGMgIwPqIU9pQY=","fileName":"productivity_iphone_projects__3rxkwmsu0wi6_large_2x.png","name":"productivity_iphone_projects__3rxkwmsu0wi6_large_2x","width":424,"height":851,"thumbnail":{"url":"np://user.desktop.nicepage.com/Site_53869488/images/thumbnails/productivity_iphone_projects__3rxkwmsu0wi6_large_2x.png","width":125,"height":250},"folderId":null,"usages":["36242004"]},{"id":"user-image-productivity_ipad_projects__dkxamk0yqfau_large_2x.jpg","publicUrl":"np://user.desktop.nicepage.com/Site_53869488/images/productivity_ipad_projects__dkxamk0yqfau_large_2x.jpg","size":274412,"hash":"P6MRSSsOR5Ga16zDVZ9U5vBxOtU=","fileName":"productivity_ipad_projects__dkxamk0yqfau_large_2x.jpg","name":"productivity_ipad_projects__dkxamk0yqfau_large_2x","width":1438,"height":1041,"thumbnail":{"url":"np://user.desktop.nicepage.com/Site_53869488/images/thumbnails/productivity_ipad_projects__dkxamk0yqfau_large_2x.jpg","width":250,"height":181},"folderId":null,"usages":["36242004","690026644"]},{"id":"user-image-productivity_iphone_back__datzccap80ia_large_2x.png","publicUrl":"np://user.desktop.nicepage.com/Site_53869488/images/productivity_iphone_back__datzccap80ia_large_2x.png","size":341100,"hash":"Ucqomj3Ui61hwkmyGZuvh19pFi8=","fileName":"productivity_iphone_back__datzccap80ia_large_2x.png","name":"productivity_iphone_back__datzccap80ia_large_2x","width":426,"height":855,"thumbnail":{"url":"np://user.desktop.nicepage.com/Site_53869488/images/thumbnails/productivity_iphone_back__datzccap80ia_large_2x.png","width":125,"height":250},"folderId":null,"usages":["36242004"]},{"id":"user-image-productivity_mac_notes__clqoco7ilhci_large_2x.jpg","publicUrl":"np://user.desktop.nicepage.com/Site_53869488/images/productivity_mac_notes__clqoco7ilhci_large_2x.jpg","size":342213,"hash":"VavtIIgwmc1h6DQgFiC6fy8GemQ=","fileName":"productivity_mac_notes__clqoco7ilhci_large_2x.jpg","name":"productivity_mac_notes__clqoco7ilhci_large_2x","width":2051,"height":1281,"thumbnail":{"url":"np://user.desktop.nicepage.com/Site_53869488/images/thumbnails/productivity_mac_notes__clqoco7ilhci_large_2x.jpg","width":250,"height":156},"folderId":null,"usages":["36242004"]},{"id":"user-image-31714.png","publicUrl":"np://user.desktop.nicepage.com/Site_53869488/images/31714.png","size":2410,"hash":"vqOh0MeTo7QzGul+F3CHdTugNKY=","fileName":"31714.png","name":"31714","width":128,"height":128,"thumbnail":{"url":"np://user.desktop.nicepage.com/Site_53869488/images/thumbnails/31714.png","width":128,"height":128,"length":2410,"type":"png"},"folderId":null,"usages":["36242004"]},{"id":"user-image-5992900.png","publicUrl":"np://user.desktop.nicepage.com/Site_53869488/images/5992900.png","size":1442,"hash":"VTCDFftHvlywf6qBJKZ7eBTIqsQ=","fileName":"5992900.png","name":"5992900","width":128,"height":128,"thumbnail":{"url":"np://user.desktop.nicepage.com/Site_53869488/images/thumbnails/5992900.png","width":128,"height":128,"length":1442,"type":"png"},"folderId":null,"usages":["36242004"]},{"id":"user-image-664886.png","publicUrl":"np://user.desktop.nicepage.com/Site_53869488/images/664886.png","size":1143,"hash":"XCSKZVd7Lr6S/DnOrIQ32MNyvj8=","fileName":"664886.png","name":"664886","width":128,"height":128,"thumbnail":{"url":"np://user.desktop.nicepage.com/Site_53869488/images/thumbnails/664886.png","width":128,"height":128,"length":1143,"type":"png"},"folderId":null,"usages":["36242004"]},{"id":"user-image-64722.png","publicUrl":"np://user.desktop.nicepage.com/Site_53869488/images/64722.png","size":3488,"hash":"AUfgvZIWu7/AxFgRFsvkaB+yVfc=","fileName":"64722.png","name":"64722","width":128,"height":128,"thumbnail":{"url":"np://user.desktop.nicepage.com/Site_53869488/images/thumbnails/64722.png","width":128,"height":128,"length":3488,"type":"png"},"folderId":null,"usages":["36242004"]},{"id":"user-image-ipad-air.jpg","publicUrl":"np://user.desktop.nicepage.com/Site_53869488/images/ipad-air.jpg","size":120551,"hash":"hwqMkGRtM4XLjPIlVHsXl5wwfnk=","fileName":"ipad-air.jpg","name":"ipad-air","width":1040,"height":1438,"thumbnail":{"url":"np://user.desktop.nicepage.com/Site_53869488/images/thumbnails/ipad-air.jpg","width":181,"height":250},"folderId":null,"usages":["36242004"]},{"id":"user-image-performance_mac_office__bxsro3c0aoia_large_2x.jpg","publicUrl":"np://user.desktop.nicepage.com/Site_53869488/images/performance_mac_office__bxsro3c0aoia_large_2x.jpg","size":385861,"hash":"+a/FlvQ1CN2ODAIflJ5mb3s8gcw=","fileName":"performance_mac_office__bxsro3c0aoia_large_2x.jpg","name":"performance_mac_office__bxsro3c0aoia_large_2x","width":2057,"height":1246,"thumbnail":{"url":"np://user.desktop.nicepage.com/Site_53869488/images/thumbnails/performance_mac_office__bxsro3c0aoia_large_2x.jpg","width":250,"height":151},"folderId":null,"usages":["36242004"]},{"id":"user-image-271228.png","publicUrl":"np://user.desktop.nicepage.com/Site_53869488/images/271228.png","size":811,"hash":"L9pcwP6p3Uom6neH/Nn6PoS2d0Q=","fileName":"271228.png","name":"271228","width":128,"height":128,"thumbnail":{"url":"np://user.desktop.nicepage.com/Site_53869488/images/thumbnails/271228.png","width":128,"height":128,"length":811,"type":"png"},"folderId":null,"usages":["36242004","37677634"]},{"id":"user-image-performance_mac_processors__b7nymsvpxuly_large_2x.jpg","publicUrl":"np://user.desktop.nicepage.com/Site_53869488/images/performance_mac_processors__b7nymsvpxuly_large_2x.jpg","size":584361,"hash":"r7DKoGiCcPXYZobyodenrj4UGB8=","fileName":"performance_mac_processors__b7nymsvpxuly_large_2x.jpg","name":"performance_mac_processors__b7nymsvpxuly_large_2x","width":2366,"height":1456,"thumbnail":{"url":"np://user.desktop.nicepage.com/Site_53869488/images/thumbnails/performance_mac_processors__b7nymsvpxuly_large_2x.jpg","width":250,"height":154},"folderId":null,"usages":["36242004"]},{"id":"user-image-productivity_pencil__c9jxyyhe70gi_large_2x.png","publicUrl":"np://user.desktop.nicepage.com/Site_53869488/images/productivity_pencil__c9jxyyhe70gi_large_2x.png","size":13143,"hash":"WlFnG5MkEchId4GQImUiJgir15E=","fileName":"productivity_pencil__c9jxyyhe70gi_large_2x.png","name":"productivity_pencil__c9jxyyhe70gi_large_2x","width":960,"height":56,"thumbnail":{"url":"np://user.desktop.nicepage.com/Site_53869488/images/thumbnails/productivity_pencil__c9jxyyhe70gi_large_2x.png","width":250,"height":15},"folderId":null,"usages":["36242004"]},{"id":"user-image-iphon-chemistry.jpg","publicUrl":"np://user.desktop.nicepage.com/Site_53869488/images/iphon-chemistry.jpg","size":69179,"hash":"5U33K8nU+LR6LlYX3zq4scUnl4k=","fileName":"iphon-chemistry.jpg","name":"iphon-chemistry","width":435,"height":859,"thumbnail":{"url":"np://user.desktop.nicepage.com/Site_53869488/images/thumbnails/iphon-chemistry.jpg","width":127,"height":250},"folderId":null,"usages":["36242004"]},{"id":"user-image-ipad-chemistry.jpg","publicUrl":"np://user.desktop.nicepage.com/Site_53869488/images/ipad-chemistry.jpg","size":196841,"hash":"6x8DiVhDjExh2KbPm32rDutmLWA=","fileName":"ipad-chemistry.jpg","name":"ipad-chemistry","width":1055,"height":1451,"thumbnail":{"url":"np://user.desktop.nicepage.com/Site_53869488/images/thumbnails/ipad-chemistry.jpg","width":182,"height":250},"folderId":null,"usages":["36242004"]},{"id":"user-image-mac.jpg","publicUrl":"np://user.desktop.nicepage.com/Site_53869488/images/mac.jpg","size":3357,"hash":"VEikJWknbKLHY656wF86RcgehhE=","fileName":"mac.jpg","name":"mac","width":174,"height":122,"thumbnail":{"url":"np://user.desktop.nicepage.com/Site_53869488/images/thumbnails/mac.jpg","height":122,"width":174,"length":3357,"type":"jpg"},"folderId":null,"usages":["36242004"]},{"id":"user-image-buy_student_plan__xj2s8vkfvkyi_medium_2x.jpg","publicUrl":"np://user.desktop.nicepage.com/Site_53869488/images/buy_student_plan__xj2s8vkfvkyi_medium_2x.jpg","size":35927,"hash":"I9kLapYW1w6syOemM1qAkUCfeUs=","fileName":"buy_student_plan__xj2s8vkfvkyi_medium_2x.jpg","name":"buy_student_plan__xj2s8vkfvkyi_medium_2x","width":398,"height":288,"thumbnail":{"url":"np://user.desktop.nicepage.com/Site_53869488/images/thumbnails/buy_student_plan__xj2s8vkfvkyi_medium_2x.jpg","width":250,"height":181},"folderId":null,"usages":["36242004"]},{"id":"user-image-billionphotos1641702min.png","publicUrl":"np://user.desktop.nicepage.com/Site_53869488/images/billionphotos1641702min.png","size":173859,"fileName":"billionphotos1641702min.png","name":"billionphotos1641702min","width":750,"height":1030,"thumbnail":{"url":"np://user.desktop.nicepage.com/Site_53869488/images/thumbnails/billionphotos1641702min.png","width":182,"height":250},"originalUrl":"//images03.nicepage.com/c461c07a441a5d220e8feb1a/5ba928bd54e55227aaf9c0f6/billionphotos1641702min.png","usages":[]},{"id":"user-image-1dbc3a406184e11dad02edaa2d788755.png","publicUrl":"np://user.desktop.nicepage.com/Site_53869488/images/1dbc3a406184e11dad02edaa2d788755.png","size":22860,"fileName":"1dbc3a406184e11dad02edaa2d788755.png","name":"1dbc3a406184e11dad02edaa2d788755","width":980,"height":496,"thumbnail":{"url":"np://user.desktop.nicepage.com/Site_53869488/images/thumbnails/1dbc3a406184e11dad02edaa2d788755.png","width":250,"height":127},"originalUrl":"//images01.nicepage.com/a1389d7bc73adea1e1c1fb7e/3393d352f3fd5d7ca47b4f63/1dbc3a406184e11dad02edaa2d788755.png","usages":[]},{"id":"user-image-2.jpg","publicUrl":"np://user.desktop.nicepage.com/Site_53869488/images/2.jpg","size":220956,"fileName":"2.jpg","name":"2","width":900,"height":688,"thumbnail":{"url":"np://user.desktop.nicepage.com/Site_53869488/images/thumbnails/2.jpg","width":250,"height":191},"originalUrl":"//images03.nicepage.com/c461c07a441a5d220e8feb1a/5494c1a1d33f5c24a296a92a/2.jpg","usages":[]},{"id":"user-image-28457-6-ford-logo-file.png","publicUrl":"np://user.desktop.nicepage.com/Site_53869488/images/28457-6-ford-logo-file.png","size":40929,"fileName":"28457-6-ford-logo-file.png","name":"28457-6-ford-logo-file","width":1464,"height":550,"thumbnail":{"url":"np://user.desktop.nicepage.com/Site_53869488/images/thumbnails/28457-6-ford-logo-file.png","width":250,"height":94},"originalUrl":"//images01.nicepage.com/a1389d7bc73adea1e1c1fb7e/3c027481b6d95739be28a86c/28457-6-ford-logo-file.png","usages":[]},{"id":"user-image-3179068.png","publicUrl":"np://user.desktop.nicepage.com/Site_53869488/images/3179068.png","size":2372,"fileName":"3179068.png","name":"3179068","width":128,"height":128,"thumbnail":{"url":"np://user.desktop.nicepage.com/Site_53869488/images/thumbnails/3179068.png","width":128,"height":128,"length":2372},"originalUrl":"https://assets.nicepagecdn.com/d2cc3eaa/460597/images/3179068.png","usages":["3022829776"]},{"id":"user-image-3423.jpg","publicUrl":"np://user.desktop.nicepage.com/Site_53869488/images/3423.jpg","size":59296,"fileName":"3423.jpg","name":"3423","width":417,"height":626,"thumbnail":{"url":"np://user.desktop.nicepage.com/Site_53869488/images/thumbnails/3423.jpg","width":167,"height":250},"originalUrl":"https://assets.nicepagecdn.com/d2cc3eaa/460597/images/3423.jpg","usages":["3022829776"]},{"id":"user-image-53.jpg","publicUrl":"np://user.desktop.nicepage.com/Site_53869488/images/53.jpg","size":42371,"fileName":"53.jpg","name":"53","width":417,"height":626,"thumbnail":{"url":"np://user.desktop.nicepage.com/Site_53869488/images/thumbnails/53.jpg","width":167,"height":250},"originalUrl":"https://assets.nicepagecdn.com/d2cc3eaa/460597/images/53.jpg","usages":["3022829776"]},{"id":"user-image-5456.jpg","publicUrl":"np://user.desktop.nicepage.com/Site_53869488/images/5456.jpg","size":153430,"fileName":"5456.jpg","name":"5456","width":1134,"height":920,"thumbnail":{"url":"np://user.desktop.nicepage.com/Site_53869488/images/thumbnails/5456.jpg","width":250,"height":203},"originalUrl":"https://assets.nicepagecdn.com/d2cc3eaa/460597/images/5456.jpg","usages":["3022829776"]},{"id":"user-image-546.jpg","publicUrl":"np://user.desktop.nicepage.com/Site_53869488/images/546.jpg","size":155554,"fileName":"546.jpg","name":"546","width":740,"height":1110,"thumbnail":{"url":"np://user.desktop.nicepage.com/Site_53869488/images/thumbnails/546.jpg","width":167,"height":250},"originalUrl":"https://assets.nicepagecdn.com/d2cc3eaa/460597/images/546.jpg","usages":["3022829776"]},{"id":"user-image-54634w66.jpg","publicUrl":"np://user.desktop.nicepage.com/Site_53869488/images/54634w66.jpg","size":159762,"fileName":"54634w66.jpg","name":"54634w66","width":740,"height":1110,"thumbnail":{"url":"np://user.desktop.nicepage.com/Site_53869488/images/thumbnails/54634w66.jpg","width":167,"height":250},"originalUrl":"https://assets.nicepagecdn.com/d2cc3eaa/460597/images/54634w66.jpg","usages":["3022829776"]},{"id":"user-image-567.jpg","publicUrl":"np://user.desktop.nicepage.com/Site_53869488/images/567.jpg","size":147011,"fileName":"567.jpg","name":"567","width":1134,"height":920,"thumbnail":{"url":"np://user.desktop.nicepage.com/Site_53869488/images/thumbnails/567.jpg","width":250,"height":203},"originalUrl":"https://assets.nicepagecdn.com/d2cc3eaa/460597/images/567.jpg","usages":["3022829776"]},{"id":"user-image-572-5724219_22-nov-mercedes-logo-png-transparent-clipart.png","publicUrl":"np://user.desktop.nicepage.com/Site_53869488/images/572-5724219_22-nov-mercedes-logo-png-transparent-clipart.png","size":163932,"fileName":"572-5724219_22-nov-mercedes-logo-png-transparent-clipart.png","name":"572-5724219_22-nov-mercedes-logo-png-transparent-clipart","width":1041,"height":1041,"thumbnail":{"url":"np://user.desktop.nicepage.com/Site_53869488/images/thumbnails/572-5724219_22-nov-mercedes-logo-png-transparent-clipart.png","width":250,"height":250},"originalUrl":"//images01.nicepage.com/a1389d7bc73adea1e1c1fb7e/fc4b15c26ac05fba9ae55790/572-5724219_22-nov-mercedes-logo-png-transparent-clipart.png","usages":[]},{"id":"user-image-597177.png","publicUrl":"np://user.desktop.nicepage.com/Site_53869488/images/597177.png","size":2660,"fileName":"597177.png","name":"597177","width":128,"height":128,"thumbnail":{"url":"np://user.desktop.nicepage.com/Site_53869488/images/thumbnails/597177.png","width":128,"height":128,"length":2660},"originalUrl":"https://assets.nicepagecdn.com/d2cc3eaa/460597/images/597177.png","usages":["3022829776"]},{"id":"user-image-675756.jpg","publicUrl":"np://user.desktop.nicepage.com/Site_53869488/images/675756.jpg","size":157903,"fileName":"675756.jpg","name":"675756","width":740,"height":1110,"thumbnail":{"url":"np://user.desktop.nicepage.com/Site_53869488/images/thumbnails/675756.jpg","width":167,"height":250},"originalUrl":"https://assets.nicepagecdn.com/d2cc3eaa/460597/images/675756.jpg","usages":["3022829776"]},{"id":"user-image-8682281.png","publicUrl":"np://user.desktop.nicepage.com/Site_53869488/images/8682281.png","size":2699,"fileName":"8682281.png","name":"8682281","width":128,"height":128,"thumbnail":{"url":"np://user.desktop.nicepage.com/Site_53869488/images/thumbnails/8682281.png","width":128,"height":128,"length":2699},"originalUrl":"https://assets.nicepagecdn.com/d2cc3eaa/460597/images/8682281.png","usages":["3022829776"]},{"id":"user-image-911-9119864_toyota-logo-grey-logo-brand-toyota-png.png","publicUrl":"np://user.desktop.nicepage.com/Site_53869488/images/911-9119864_toyota-logo-grey-logo-brand-toyota-png.png","size":351554,"fileName":"911-9119864_toyota-logo-grey-logo-brand-toyota-png.png","name":"911-9119864_toyota-logo-grey-logo-brand-toyota-png","width":1185,"height":988,"thumbnail":{"url":"np://user.desktop.nicepage.com/Site_53869488/images/thumbnails/911-9119864_toyota-logo-grey-logo-brand-toyota-png.png","width":250,"height":208},"originalUrl":"//images01.nicepage.com/a1389d7bc73adea1e1c1fb7e/5bce4cf64fa45126aefeabc2/911-9119864_toyota-logo-grey-logo-brand-toyota-png.png","usages":[]},{"id":"user-image-9df29834-099f-2727-519e-9311974215d2.jpg","publicUrl":"np://user.desktop.nicepage.com/Site_53869488/images/9df29834-099f-2727-519e-9311974215d2.jpg","size":49931,"fileName":"9df29834-099f-2727-519e-9311974215d2.jpg","name":"9df29834-099f-2727-519e-9311974215d2","width":934,"height":1080,"thumbnail":{"url":"np://user.desktop.nicepage.com/Site_53869488/images/thumbnails/9df29834-099f-2727-519e-9311974215d2.jpg","width":216,"height":250},"originalUrl":"//images01.nicepagecdn.com/c461c07a441a5d220e8feb1a/0535fbfe86f55ca9ba22d4ae/9df29834-099f-2727-519e-9311974215d2.jpg","usages":["3022829776"]},{"id":"user-image-Untitled-1.jpg","publicUrl":"np://user.desktop.nicepage.com/Site_53869488/images/Untitled-1.jpg","size":50656,"fileName":"Untitled-1.jpg","name":"Untitled-1","width":417,"height":626,"thumbnail":{"url":"np://user.desktop.nicepage.com/Site_53869488/images/thumbnails/Untitled-1.jpg","width":167,"height":250},"originalUrl":"https://assets.nicepagecdn.com/d2cc3eaa/460597/images/Untitled-1.jpg","usages":["3022829776"]},{"id":"user-image-Untitled-41.jpg","publicUrl":"np://user.desktop.nicepage.com/Site_53869488/images/Untitled-41.jpg","size":156378,"fileName":"Untitled-41.jpg","name":"Untitled-41","width":1380,"height":920,"thumbnail":{"url":"np://user.desktop.nicepage.com/Site_53869488/images/thumbnails/Untitled-41.jpg","width":250,"height":167},"originalUrl":"https://assets.nicepagecdn.com/d2cc3eaa/460597/images/Untitled-41.jpg","usages":["3022829776"]},{"id":"user-image-brooke-cagle-g1Kr4Ozfoac-unsplash.jpg","publicUrl":"np://user.desktop.nicepage.com/Site_53869488/images/brooke-cagle-g1Kr4Ozfoac-unsplash.jpg","size":382950,"fileName":"brooke-cagle-g1Kr4Ozfoac-unsplash.jpg","name":"brooke-cagle-g1Kr4Ozfoac-unsplash","width":1920,"height":1280,"thumbnail":{"url":"np://user.desktop.nicepage.com/Site_53869488/images/thumbnails/brooke-cagle-g1Kr4Ozfoac-unsplash.jpg","width":250,"height":167},"usages":["36242004"]},{"id":"user-image-carparkedrowroad_10541749.jpg","publicUrl":"np://user.desktop.nicepage.com/Site_53869488/images/carparkedrowroad_10541749.jpg","size":91553,"fileName":"carparkedrowroad_10541749.jpg","name":"carparkedrowroad_10541749","width":626,"height":417,"thumbnail":{"url":"np://user.desktop.nicepage.com/Site_53869488/images/thumbnails/carparkedrowroad_10541749.jpg","width":250,"height":167},"originalUrl":"//images03.nicepage.com/c461c07a441a5d220e8feb1a/835d4efa1ae850779e939546/carparkedrowroad_10541749.jpg","usages":[]},{"id":"user-image-d260b19b-3f1a-3d75-0fcc-6760e9691293.jpg","publicUrl":"np://user.desktop.nicepage.com/Site_53869488/images/d260b19b-3f1a-3d75-0fcc-6760e9691293.jpg","size":151534,"fileName":"d260b19b-3f1a-3d75-0fcc-6760e9691293.jpg","name":"d260b19b-3f1a-3d75-0fcc-6760e9691293","width":900,"height":600,"thumbnail":{"url":"np://user.desktop.nicepage.com/Site_53869488/images/thumbnails/d260b19b-3f1a-3d75-0fcc-6760e9691293.jpg","width":250,"height":167},"originalUrl":"//images01.nicepage.com/c461c07a441a5d220e8feb1a/f363f8aa50655b659f694c20/d260b19b-3f1a-3d75-0fcc-6760e9691293.jpg","usages":[]},{"id":"user-image-default-logo.png","publicUrl":"np://user.desktop.nicepage.com/Site_53869488/images/default-logo.png","size":1804,"fileName":"default-logo.png","name":"default-logo","width":80,"height":40,"thumbnail":{"url":"np://user.desktop.nicepage.com/Site_53869488/images/thumbnails/default-logo.png","width":80,"height":40,"length":1804},"usages":[]},{"id":"user-image-ds.jpg","publicUrl":"np://user.desktop.nicepage.com/Site_53869488/images/ds.jpg","size":13507,"fileName":"ds.jpg","name":"ds","width":206,"height":206,"thumbnail":{"url":"np://user.desktop.nicepage.com/Site_53869488/images/thumbnails/ds.jpg","width":206,"height":206,"length":13507},"originalUrl":"//images01.nicepage.com/c461c07a441a5d220e8feb1a/c09014f9e7715438bb869fbb/ds.jpg","usages":[]},{"id":"user-image-ggg-min.jpg","publicUrl":"np://user.desktop.nicepage.com/Site_53869488/images/ggg-min.jpg","size":121922,"fileName":"ggg-min.jpg","name":"ggg-min","width":1500,"height":1015,"thumbnail":{"url":"np://user.desktop.nicepage.com/Site_53869488/images/thumbnails/ggg-min.jpg","width":250,"height":169},"originalUrl":"//images01.nicepagecdn.com/c461c07a441a5d220e8feb1a/5288b06665f45aa6a92f91b8/ggg-min.jpg","usages":["3022829776"]},{"id":"user-image-guy-shows-document-girl-group-yo.jpg","publicUrl":"np://user.desktop.nicepage.com/Site_53869488/images/guy-shows-document-girl-group-yo.jpg","size":375567,"fileName":"guy-shows-document-girl-group-yo.jpg","name":"guy-shows-document-girl-group-yo","width":1200,"height":1200,"thumbnail":{"url":"np://user.desktop.nicepage.com/Site_53869488/images/thumbnails/guy-shows-document-girl-group-yo.jpg","width":250,"height":250},"originalUrl":"https://assets.nicepagecdn.com/d2cc3eaa/460597/images/guy-shows-document-girl-group-yo.jpg","usages":["3022829776"]},{"id":"user-image-hgghgh.jpg","publicUrl":"np://user.desktop.nicepage.com/Site_53869488/images/hgghgh.jpg","size":13439,"fileName":"hgghgh.jpg","name":"hgghgh","width":206,"height":206,"thumbnail":{"url":"np://user.desktop.nicepage.com/Site_53869488/images/thumbnails/hgghgh.jpg","width":206,"height":206,"length":13439},"originalUrl":"//images01.nicepage.com/c461c07a441a5d220e8feb1a/980d881d762859b98207594a/hgghgh.jpg","usages":[]},{"id":"user-image-man-driving-his-elegant-car-taxi-services_23-2149149576.jpg","publicUrl":"np://user.desktop.nicepage.com/Site_53869488/images/man-driving-his-elegant-car-taxi-services_23-2149149576.jpg","size":70590,"fileName":"man-driving-his-elegant-car-taxi-services_23-2149149576.jpg","name":"man-driving-his-elegant-car-taxi-services_23-2149149576","width":626,"height":417,"thumbnail":{"url":"np://user.desktop.nicepage.com/Site_53869488/images/thumbnails/man-driving-his-elegant-car-taxi-services_23-2149149576.jpg","width":250,"height":167},"originalUrl":"//images01.nicepage.com/c461c07a441a5d220e8feb1a/d48b89b01a3b543984f5bf05/man-driving-his-elegant-car-taxi-services_23-2149149576.jpg","usages":[]},{"id":"user-image-person-traveling-road_1112-214.jpg","publicUrl":"np://user.desktop.nicepage.com/Site_53869488/images/person-traveling-road_1112-214.jpg","size":64201,"fileName":"person-traveling-road_1112-214.jpg","name":"person-traveling-road_1112-214","width":626,"height":453,"thumbnail":{"url":"np://user.desktop.nicepage.com/Site_53869488/images/thumbnails/person-traveling-road_1112-214.jpg","width":250,"height":181},"originalUrl":"//images01.nicepage.com/c461c07a441a5d220e8feb1a/4d01b197da3553e28a18ef59/person-traveling-road_1112-214.jpg","usages":[]},{"id":"user-image-pexels-photo-3807811.jpeg","publicUrl":"np://user.desktop.nicepage.com/Site_53869488/images/pexels-photo-3807811.jpeg","size":169745,"fileName":"pexels-photo-3807811.jpeg","name":"pexels-photo-3807811","width":1291,"height":1080,"thumbnail":{"url":"np://user.desktop.nicepage.com/Site_53869488/images/thumbnails/pexels-photo-3807811.jpeg","width":250,"height":209},"originalUrl":"//images01.nicepage.com/a1389d7bc73adea1e1c1fb7e/b91d793156e152bab988e62d/pexels-photo-3807811.jpeg","usages":[]},{"id":"user-image-pexels-photo-3823200.jpeg","publicUrl":"np://user.desktop.nicepage.com/Site_53869488/images/pexels-photo-3823200.jpeg","size":147620,"fileName":"pexels-photo-3823200.jpeg","name":"pexels-photo-3823200","width":1620,"height":1080,"thumbnail":{"url":"np://user.desktop.nicepage.com/Site_53869488/images/thumbnails/pexels-photo-3823200.jpeg","width":250,"height":167},"originalUrl":"//images01.nicepage.com/a1389d7bc73adea1e1c1fb7e/ad27185ce5d45fe59cf42173/pexels-photo-3823200.jpeg","usages":[]},{"id":"user-image-pexels-photo-4480453.jpeg","publicUrl":"np://user.desktop.nicepage.com/Site_53869488/images/pexels-photo-4480453.jpeg","size":144599,"fileName":"pexels-photo-4480453.jpeg","name":"pexels-photo-4480453","width":720,"height":1080,"thumbnail":{"url":"np://user.desktop.nicepage.com/Site_53869488/images/thumbnails/pexels-photo-4480453.jpeg","width":167,"height":250},"originalUrl":"//images01.nicepage.com/a1389d7bc73adea1e1c1fb7e/411164e986e851eea45e61f5/pexels-photo-4480453.jpeg","usages":[]},{"id":"user-image-photo-1496851473196-e26508c21494.jpg","publicUrl":"np://user.desktop.nicepage.com/Site_53869488/images/photo-1496851473196-e26508c21494.jpg","size":77248,"fileName":"photo-1496851473196-e26508c21494.jpg","name":"photo-1496851473196-e26508c21494","width":500,"height":667,"thumbnail":{"url":"np://user.desktop.nicepage.com/Site_53869488/images/thumbnails/photo-1496851473196-e26508c21494.jpg","width":187,"height":250},"originalUrl":"//images01.nicepagecdn.com/c461c07a441a5d220e8feb1a/bc7a53e4628e56de9d7340d3/photo-1496851473196-e26508c21494.jpg","usages":["3022829776"]},{"id":"user-image-png-transparent-bmw-x1-car-bmw-i-bmw-3-series-bmw-emblem-trademark-logo.png","publicUrl":"np://user.desktop.nicepage.com/Site_53869488/images/png-transparent-bmw-x1-car-bmw-i-bmw-3-series-bmw-emblem-trademark-logo.png","size":43267,"fileName":"png-transparent-bmw-x1-car-bmw-i-bmw-3-series-bmw-emblem-trademark-logo.png","name":"png-transparent-bmw-x1-car-bmw-i-bmw-3-series-bmw-emblem-trademark-logo","width":920,"height":600,"thumbnail":{"url":"np://user.desktop.nicepage.com/Site_53869488/images/thumbnails/png-transparent-bmw-x1-car-bmw-i-bmw-3-series-bmw-emblem-trademark-logo.png","width":250,"height":163},"originalUrl":"//images01.nicepage.com/a1389d7bc73adea1e1c1fb7e/4f00715113275af1ab78d4af/png-transparent-bmw-x1-car-bmw-i-bmw-3-series-bmw-emblem-trademark-logo.png","usages":[]},{"id":"user-image-png-transparent-volkswagen-beetle-car-volkswagen-up-volkswagen-type-2-volkswagen-trademark-logo-car.png","publicUrl":"np://user.desktop.nicepage.com/Site_53869488/images/png-transparent-volkswagen-beetle-car-volkswagen-up-volkswagen-type-2-volkswagen-trademark-logo-car.png","size":22166,"fileName":"png-transparent-volkswagen-beetle-car-volkswagen-up-volkswagen-type-2-volkswagen-trademark-logo-car.png","name":"png-transparent-volkswagen-beetle-car-volkswagen-up-volkswagen-type-2-volkswagen-trademark-logo-car","width":920,"height":920,"thumbnail":{"url":"np://user.desktop.nicepage.com/Site_53869488/images/thumbnails/png-transparent-volkswagen-beetle-car-volkswagen-up-volkswagen-type-2-volkswagen-trademark-logo-car.png","width":250,"height":250},"originalUrl":"//images01.nicepage.com/a1389d7bc73adea1e1c1fb7e/9512d9181ffa52b99aff1b90/png-transparent-volkswagen-beetle-car-volkswagen-up-volkswagen-type-2-volkswagen-trademark-logo-car.png","usages":[]},{"id":"user-image-proBg-air2-pc.jpg","publicUrl":"np://user.desktop.nicepage.com/Site_53869488/images/proBg-air2-pc.jpg","size":153171,"fileName":"proBg-air2-pc.jpg","name":"proBg-air2-pc","width":2880,"height":1620,"thumbnail":{"url":"np://user.desktop.nicepage.com/Site_53869488/images/thumbnails/proBg-air2-pc.jpg","width":250,"height":141},"usages":["3022829776"]},{"id":"user-image-q3452q3.jpg","publicUrl":"np://user.desktop.nicepage.com/Site_53869488/images/q3452q3.jpg","size":197707,"fileName":"q3452q3.jpg","name":"q3452q3","width":1380,"height":920,"thumbnail":{"url":"np://user.desktop.nicepage.com/Site_53869488/images/thumbnails/q3452q3.jpg","width":250,"height":167},"originalUrl":"https://assets.nicepagecdn.com/d2cc3eaa/460597/images/q3452q3.jpg","usages":["3022829776"]},{"id":"user-image-springcarwashing_14261879.jpg","publicUrl":"np://user.desktop.nicepage.com/Site_53869488/images/springcarwashing_14261879.jpg","size":50227,"fileName":"springcarwashing_14261879.jpg","name":"springcarwashing_14261879","width":626,"height":417,"thumbnail":{"url":"np://user.desktop.nicepage.com/Site_53869488/images/thumbnails/springcarwashing_14261879.jpg","width":250,"height":167},"originalUrl":"//images03.nicepage.com/c461c07a441a5d220e8feb1a/f13ebb82f770537fa73b037b/springcarwashing_14261879.jpg","usages":[]},{"id":"user-image-t34543.jpg","publicUrl":"np://user.desktop.nicepage.com/Site_53869488/images/t34543.jpg","size":166541,"fileName":"t34543.jpg","name":"t34543","width":740,"height":1109,"thumbnail":{"url":"np://user.desktop.nicepage.com/Site_53869488/images/thumbnails/t34543.jpg","width":167,"height":250},"originalUrl":"https://assets.nicepagecdn.com/d2cc3eaa/1966444/images/t34543.jpg","usages":["3022829776"]},{"id":"user-image-ttt-min.jpg","publicUrl":"np://user.desktop.nicepage.com/Site_53869488/images/ttt-min.jpg","size":183667,"fileName":"ttt-min.jpg","name":"ttt-min","width":1200,"height":800,"thumbnail":{"url":"np://user.desktop.nicepage.com/Site_53869488/images/thumbnails/ttt-min.jpg","width":250,"height":167},"originalUrl":"//images01.nicepage.com/c461c07a441a5d220e8feb1a/0a8482ab79555d5f8f344ec4/ttt-min.jpg","usages":[]},{"id":"user-image-vbvbbv.jpg","publicUrl":"np://user.desktop.nicepage.com/Site_53869488/images/vbvbbv.jpg","size":226691,"fileName":"vbvbbv.jpg","name":"vbvbbv","width":1000,"height":1000,"thumbnail":{"url":"np://user.desktop.nicepage.com/Site_53869488/images/thumbnails/vbvbbv.jpg","width":250,"height":250},"originalUrl":"//images01.nicepagecdn.com/c461c07a441a5d220e8feb1a/c3cb3296cea650ca84a077cc/vbvbbv.jpg","usages":["3022829776"]},{"id":"user-image-w.jpg","publicUrl":"np://user.desktop.nicepage.com/Site_53869488/images/w.jpg","size":13464,"fileName":"w.jpg","name":"w","width":206,"height":206,"thumbnail":{"url":"np://user.desktop.nicepage.com/Site_53869488/images/thumbnails/w.jpg","width":206,"height":206,"length":13464},"originalUrl":"//images01.nicepage.com/c461c07a441a5d220e8feb1a/a5a678d8dfcf5f8dabb3c9bf/w.jpg","usages":[]}]