[{"id":"user-image-energetics2.svg","publicUrl":"np://user.desktop.nicepage.com/Site_53869488/images/energetics2.svg","size":268,"hash":"duOz//xZTv4OZGy+7tDgEVdpYiQ=","fileName":"energetics2.svg","name":"energetics2","width":170,"height":48,"thumbnail":{"url":"np://user.desktop.nicepage.com/Site_53869488/images/energetics2.svg","width":170,"height":48,"length":268,"type":"svg"},"folderId":null,"usages":[]},{"id":"user-image-buy_applecare__gma1qyw4flui_large_2x.jpg","publicUrl":"np://user.desktop.nicepage.com/Site_53869488/images/buy_applecare__gma1qyw4flui_large_2x.jpg","size":21730,"hash":"LQBgk/fv7ZyGZH9D0GmTkhr+GeA=","fileName":"buy_applecare__gma1qyw4flui_large_2x.jpg","name":"buy_applecare__gma1qyw4flui_large_2x","width":580,"height":580,"thumbnail":{"url":"np://user.desktop.nicepage.com/Site_53869488/images/thumbnails/buy_applecare__gma1qyw4flui_large_2x.jpg","width":250,"height":250},"folderId":null,"usages":["36242004"]},{"id":"user-image-buy_student_plan__xj2s8vkfvkyi_large_2x.jpg","publicUrl":"np://user.desktop.nicepage.com/Site_53869488/images/buy_student_plan__xj2s8vkfvkyi_large_2x.jpg","size":107965,"hash":"iLZL6V5zs/KJeAF9C+mQlYY1Y/Q=","fileName":"buy_student_plan__xj2s8vkfvkyi_large_2x.jpg","name":"buy_student_plan__xj2s8vkfvkyi_large_2x","width":837,"height":605,"thumbnail":{"url":"np://user.desktop.nicepage.com/Site_53869488/images/thumbnails/buy_student_plan__xj2s8vkfvkyi_large_2x.jpg","width":250,"height":181},"folderId":null,"usages":["36242004"]},{"id":"user-image-buy_products__fvli8sz0y8ya_large_2x.jpg","publicUrl":"np://user.desktop.nicepage.com/Site_53869488/images/buy_products__fvli8sz0y8ya_large_2x.jpg","size":274940,"hash":"x3F0AWsmhFzpvkE7+kIDpjWrI+4=","fileName":"buy_products__fvli8sz0y8ya_large_2x.jpg","name":"buy_products__fvli8sz0y8ya_large_2x","width":2000,"height":1208,"thumbnail":{"url":"np://user.desktop.nicepage.com/Site_53869488/images/thumbnails/buy_products__fvli8sz0y8ya_large_2x.jpg","width":250,"height":151},"folderId":null,"usages":["36242004"]},{"id":"user-image-recharge_ipad__e1cmsw59li4i_large_2x.jpg","publicUrl":"np://user.desktop.nicepage.com/Site_53869488/images/recharge_ipad__e1cmsw59li4i_large_2x.jpg","size":424221,"hash":"v0WhsIjbAaOg+fDFWTOX7edtBbk=","fileName":"recharge_ipad__e1cmsw59li4i_large_2x.jpg","name":"recharge_ipad__e1cmsw59li4i_large_2x","width":1644,"height":1248,"thumbnail":{"url":"np://user.desktop.nicepage.com/Site_53869488/images/thumbnails/recharge_ipad__e1cmsw59li4i_large_2x.jpg","width":250,"height":190},"folderId":null,"usages":["36242004"]},{"id":"user-image-recharge_watch__b6gve3oquqwi_large_2x.png","publicUrl":"np://user.desktop.nicepage.com/Site_53869488/images/recharge_watch__b6gve3oquqwi_large_2x.png","size":125672,"hash":"hpjtdPrHDtVK/us04Y89uQpmWLs=","fileName":"recharge_watch__b6gve3oquqwi_large_2x.png","name":"recharge_watch__b6gve3oquqwi_large_2x","width":359,"height":615,"thumbnail":{"url":"np://user.desktop.nicepage.com/Site_53869488/images/thumbnails/recharge_watch__b6gve3oquqwi_large_2x.png","width":146,"height":250},"folderId":null,"usages":["36242004"]},{"id":"user-image-recharge_mac__fwujdxqh2iy6_large_2x.jpg","publicUrl":"np://user.desktop.nicepage.com/Site_53869488/images/recharge_mac__fwujdxqh2iy6_large_2x.jpg","size":599238,"hash":"RDMETOfx/wdRsPFCE9yxLR1k5/Q=","fileName":"recharge_mac__fwujdxqh2iy6_large_2x.jpg","name":"recharge_mac__fwujdxqh2iy6_large_2x","width":2063,"height":1272,"thumbnail":{"url":"np://user.desktop.nicepage.com/Site_53869488/images/thumbnails/recharge_mac__fwujdxqh2iy6_large_2x.jpg","width":250,"height":154},"folderId":null,"usages":["36242004"]},{"id":"user-image-recharge_iphone__c99vomhgnjki_large_2x.jpg","publicUrl":"np://user.desktop.nicepage.com/Site_53869488/images/recharge_iphone__c99vomhgnjki_large_2x.jpg","size":79697,"hash":"6d16kIZffPHXGKwQ/cxE7HXXdQk=","fileName":"recharge_iphone__c99vomhgnjki_large_2x.jpg","name":"recharge_iphone__c99vomhgnjki_large_2x","width":1180,"height":1472,"thumbnail":{"url":"np://user.desktop.nicepage.com/Site_53869488/images/thumbnails/recharge_iphone__c99vomhgnjki_large_2x.jpg","width":200,"height":250},"folderId":null,"usages":["36242004"]},{"id":"user-image-creation_portrait_alexander__ddqo3x285s2u_large_2x.jpg","publicUrl":"np://user.desktop.nicepage.com/Site_53869488/images/creation_portrait_alexander__ddqo3x285s2u_large_2x.jpg","size":30581,"hash":"3CaoOPMqmYE1eNIFZoAKXn9MFwU=","fileName":"creation_portrait_alexander__ddqo3x285s2u_large_2x.jpg","name":"creation_portrait_alexander__ddqo3x285s2u_large_2x","width":468,"height":468,"thumbnail":{"url":"np://user.desktop.nicepage.com/Site_53869488/images/thumbnails/creation_portrait_alexander__ddqo3x285s2u_large_2x.jpg","width":250,"height":250},"folderId":null,"usages":["36242004"]},{"id":"user-image-creation_mac_dev__fie9mgrkwcii_large_2x.png","publicUrl":"np://user.desktop.nicepage.com/Site_53869488/images/creation_mac_dev__fie9mgrkwcii_large_2x.png","size":881608,"hash":"GmilnnMe9vNlaGnytXoN2u+P58E=","fileName":"creation_mac_dev__fie9mgrkwcii_large_2x.png","name":"creation_mac_dev__fie9mgrkwcii_large_2x","width":1809,"height":1107,"thumbnail":{"url":"np://user.desktop.nicepage.com/Site_53869488/images/thumbnails/creation_mac_dev__fie9mgrkwcii_large_2x.png","width":250,"height":153},"folderId":null,"usages":["36242004"]},{"id":"user-image-creation_ipad_proapps__b0v0wf1br1ci_large_2x.jpg","publicUrl":"np://user.desktop.nicepage.com/Site_53869488/images/creation_ipad_proapps__b0v0wf1br1ci_large_2x.jpg","size":228756,"hash":"Yn3Hoc8LU8cLBnh0AlXCJ6Wd9hg=","fileName":"creation_ipad_proapps__b0v0wf1br1ci_large_2x.jpg","name":"creation_ipad_proapps__b0v0wf1br1ci_large_2x","width":1432,"height":1040,"thumbnail":{"url":"np://user.desktop.nicepage.com/Site_53869488/images/thumbnails/creation_ipad_proapps__b0v0wf1br1ci_large_2x.jpg","width":250,"height":182},"folderId":null,"usages":["36242004"]},{"id":"user-image-creation_mac_proapps__bdm4qxq05sb6_large_2x.jpg","publicUrl":"np://user.desktop.nicepage.com/Site_53869488/images/creation_mac_proapps__bdm4qxq05sb6_large_2x.jpg","size":384137,"hash":"d2X5/HUz0VgwzolX8/BB9lI+LzU=","fileName":"creation_mac_proapps__bdm4qxq05sb6_large_2x.jpg","name":"creation_mac_proapps__bdm4qxq05sb6_large_2x","width":2010,"height":1246,"thumbnail":{"url":"np://user.desktop.nicepage.com/Site_53869488/images/thumbnails/creation_mac_proapps__bdm4qxq05sb6_large_2x.jpg","width":250,"height":155},"folderId":null,"usages":["36242004"]},{"id":"user-image-creation_portrait_bim__ey8av8vylbwy_large_2x.jpg","publicUrl":"np://user.desktop.nicepage.com/Site_53869488/images/creation_portrait_bim__ey8av8vylbwy_large_2x.jpg","size":32704,"hash":"iH8cCnb2WaXlec7IK12AD3KstyA=","fileName":"creation_portrait_bim__ey8av8vylbwy_large_2x.jpg","name":"creation_portrait_bim__ey8av8vylbwy_large_2x","width":468,"height":468,"thumbnail":{"url":"np://user.desktop.nicepage.com/Site_53869488/images/thumbnails/creation_portrait_bim__ey8av8vylbwy_large_2x.jpg","width":250,"height":250},"folderId":null,"usages":["36242004"]},{"id":"user-image-creation_ipad_back__601p6nr4ctem_large_2x.jpg","publicUrl":"np://user.desktop.nicepage.com/Site_53869488/images/creation_ipad_back__601p6nr4ctem_large_2x.jpg","size":120009,"hash":"xAr8uy2jf0k5YpZP1bxYfwbJApc=","fileName":"creation_ipad_back__601p6nr4ctem_large_2x.jpg","name":"creation_ipad_back__601p6nr4ctem_large_2x","width":1244,"height":1622,"thumbnail":{"url":"np://user.desktop.nicepage.com/Site_53869488/images/thumbnails/creation_ipad_back__601p6nr4ctem_large_2x.jpg","width":192,"height":250},"folderId":null,"usages":["36242004"]},{"id":"user-image-creation_ipad_video__eb7imlsvd8wi_large_2x.jpg","publicUrl":"np://user.desktop.nicepage.com/Site_53869488/images/creation_ipad_video__eb7imlsvd8wi_large_2x.jpg","size":317141,"hash":"8t+ktNbst6O+hJSPAanxOS1CqQQ=","fileName":"creation_ipad_video__eb7imlsvd8wi_large_2x.jpg","name":"creation_ipad_video__eb7imlsvd8wi_large_2x","width":1637,"height":1264,"thumbnail":{"url":"np://user.desktop.nicepage.com/Site_53869488/images/thumbnails/creation_ipad_video__eb7imlsvd8wi_large_2x.jpg","width":250,"height":193},"folderId":null,"usages":["36242004"]},{"id":"user-image-542638.png","publicUrl":"np://user.desktop.nicepage.com/Site_53869488/images/542638.png","size":1880,"hash":"sc2XNtBQJ4cCk30ORdVZbM4ZdEw=","fileName":"542638.png","name":"542638","width":128,"height":128,"thumbnail":{"url":"np://user.desktop.nicepage.com/Site_53869488/images/thumbnails/542638.png","width":128,"height":128,"length":1880,"type":"png"},"folderId":null,"usages":["294722336"]},{"id":"user-image-how_to_buy__dgadtfksldqq_large_2x.jpg","publicUrl":"np://user.desktop.nicepage.com/Site_53869488/images/how_to_buy__dgadtfksldqq_large_2x.jpg","size":241427,"hash":"3ROuq3FAEVzEiK/0vN+VskDzG4Y=","fileName":"how_to_buy__dgadtfksldqq_large_2x.jpg","name":"how_to_buy__dgadtfksldqq_large_2x","width":2106,"height":752,"thumbnail":{"url":"np://user.desktop.nicepage.com/Site_53869488/images/thumbnails/how_to_buy__dgadtfksldqq_large_2x.jpg","width":250,"height":89},"folderId":null,"usages":["294722336"]},{"id":"user-image-4645013.png","publicUrl":"np://user.desktop.nicepage.com/Site_53869488/images/4645013.png","size":4097,"hash":"OmA4ax7oLt3Zpg6acLEnRnPtZ54=","fileName":"4645013.png","name":"4645013","width":128,"height":128,"thumbnail":{"url":"np://user.desktop.nicepage.com/Site_53869488/images/thumbnails/4645013.png","width":128,"height":128,"length":4097,"type":"png"},"folderId":null,"usages":["294722336"]},{"id":"user-image-classroom__mb6z2sz7qtua_small_2x.jpg","publicUrl":"np://user.desktop.nicepage.com/Site_53869488/images/classroom__mb6z2sz7qtua_small_2x.jpg","size":134458,"hash":"523PZePc1ALHQBEysLFNxv41NZU=","fileName":"classroom__mb6z2sz7qtua_small_2x.jpg","name":"classroom__mb6z2sz7qtua_small_2x","width":1468,"height":520,"thumbnail":{"url":"np://user.desktop.nicepage.com/Site_53869488/images/thumbnails/classroom__mb6z2sz7qtua_small_2x.jpg","width":250,"height":89},"folderId":null,"usages":["294722336"]},{"id":"user-image-icons_all_apps_1__cnpfv0cc6zo2_large_2x.png","publicUrl":"np://user.desktop.nicepage.com/Site_53869488/images/icons_all_apps_1__cnpfv0cc6zo2_large_2x.png","size":255210,"hash":"7b3qZztfVLfNMOy0h0nUFf0cwUM=","fileName":"icons_all_apps_1__cnpfv0cc6zo2_large_2x.png","name":"icons_all_apps_1__cnpfv0cc6zo2_large_2x","width":2594,"height":1582,"thumbnail":{"url":"np://user.desktop.nicepage.com/Site_53869488/images/thumbnails/icons_all_apps_1__cnpfv0cc6zo2_large_2x.png","width":250,"height":152},"folderId":null,"usages":["294722336"]},{"id":"user-image-investment__8b8rwa5o1jma_large_2x.jpg","publicUrl":"np://user.desktop.nicepage.com/Site_53869488/images/investment__8b8rwa5o1jma_large_2x.jpg","size":188406,"hash":"rr9CtdZTQ6Ep+anX+1VPnYt7k8w=","fileName":"investment__8b8rwa5o1jma_large_2x.jpg","name":"investment__8b8rwa5o1jma_large_2x","width":980,"height":1200,"thumbnail":{"url":"np://user.desktop.nicepage.com/Site_53869488/images/thumbnails/investment__8b8rwa5o1jma_large_2x.jpg","width":204,"height":250},"folderId":null,"usages":["294722336"]},{"id":"user-image-hero_ipad_pen__bi9aqpri9a82_large_2x.jpg","publicUrl":"np://user.desktop.nicepage.com/Site_53869488/images/hero_ipad_pen__bi9aqpri9a82_large_2x.jpg","size":153498,"hash":"dS9SrfZm7NcAl5yl/D4lz9L4iIQ=","fileName":"hero_ipad_pen__bi9aqpri9a82_large_2x.jpg","name":"hero_ipad_pen__bi9aqpri9a82_large_2x","width":880,"height":684,"thumbnail":{"url":"np://user.desktop.nicepage.com/Site_53869488/images/thumbnails/hero_ipad_pen__bi9aqpri9a82_large_2x.jpg","width":250,"height":194},"folderId":null,"usages":["294722336","36242004"]},{"id":"user-image-hero_macbook_2__fx4gtlu4h0a6_large_2x.jpg","publicUrl":"np://user.desktop.nicepage.com/Site_53869488/images/hero_macbook_2__fx4gtlu4h0a6_large_2x.jpg","size":271657,"hash":"UzzYgh2vW7nESTn835Xs4X5+8hU=","fileName":"hero_macbook_2__fx4gtlu4h0a6_large_2x.jpg","name":"hero_macbook_2__fx4gtlu4h0a6_large_2x","width":1268,"height":770,"thumbnail":{"url":"np://user.desktop.nicepage.com/Site_53869488/images/thumbnails/hero_macbook_2__fx4gtlu4h0a6_large_2x.jpg","width":250,"height":152},"folderId":null,"usages":["294722336"]},{"id":"user-image-hero_ipad_1__f31tz6bdo1yu_large_2x.jpg","publicUrl":"np://user.desktop.nicepage.com/Site_53869488/images/hero_ipad_1__f31tz6bdo1yu_large_2x.jpg","size":181317,"hash":"MkDne7Wxz9MF02JYCPCITR+mVlE=","fileName":"hero_ipad_1__f31tz6bdo1yu_large_2x.jpg","name":"hero_ipad_1__f31tz6bdo1yu_large_2x","width":612,"height":880,"thumbnail":{"url":"np://user.desktop.nicepage.com/Site_53869488/images/thumbnails/hero_ipad_1__f31tz6bdo1yu_large_2x.jpg","width":174,"height":250},"folderId":null,"usages":["294722336"]},{"id":"user-image-hero_macbook_1__emf081hfi4eq_large_2x.jpg","publicUrl":"np://user.desktop.nicepage.com/Site_53869488/images/hero_macbook_1__emf081hfi4eq_large_2x.jpg","size":238774,"hash":"Eu/ZfyamdmlQyMRIHnrrekqAZMw=","fileName":"hero_macbook_1__emf081hfi4eq_large_2x.jpg","name":"hero_macbook_1__emf081hfi4eq_large_2x","width":1268,"height":770,"thumbnail":{"url":"np://user.desktop.nicepage.com/Site_53869488/images/thumbnails/hero_macbook_1__emf081hfi4eq_large_2x.jpg","width":250,"height":152},"folderId":null,"usages":["294722336"]},{"id":"user-image-hero_ipad__b9pvjktiqdma_large_2x.jpg","publicUrl":"np://user.desktop.nicepage.com/Site_53869488/images/hero_ipad__b9pvjktiqdma_large_2x.jpg","size":64692,"hash":"lyMEKEPcApqiR6Bq6MIjoMAor0A=","fileName":"hero_ipad__b9pvjktiqdma_large_2x.jpg","name":"hero_ipad__b9pvjktiqdma_large_2x","width":880,"height":612,"thumbnail":{"url":"np://user.desktop.nicepage.com/Site_53869488/images/thumbnails/hero_ipad__b9pvjktiqdma_large_2x.jpg","width":250,"height":174},"folderId":null,"usages":["294722336"]},{"id":"user-image-hero_ipad_2__bd52v1y0qpua_large_2x.jpg","publicUrl":"np://user.desktop.nicepage.com/Site_53869488/images/hero_ipad_2__bd52v1y0qpua_large_2x.jpg","size":152468,"hash":"PG++ptxXA3m3mmFqs4uKZqkQchI=","fileName":"hero_ipad_2__bd52v1y0qpua_large_2x.jpg","name":"hero_ipad_2__bd52v1y0qpua_large_2x","width":612,"height":880,"thumbnail":{"url":"np://user.desktop.nicepage.com/Site_53869488/images/thumbnails/hero_ipad_2__bd52v1y0qpua_large_2x.jpg","width":174,"height":250},"folderId":null,"usages":["294722336"]},{"id":"user-image-icon_accessibility__giv38typ9i62_large_2x.png","publicUrl":"np://user.desktop.nicepage.com/Site_53869488/images/icon_accessibility__giv38typ9i62_large_2x.png","size":3746,"hash":"9vw/fgKgA3fkkGpWrAJScodI4hg=","fileName":"icon_accessibility__giv38typ9i62_large_2x.png","name":"icon_accessibility__giv38typ9i62_large_2x","width":152,"height":156,"thumbnail":{"url":"np://user.desktop.nicepage.com/Site_53869488/images/thumbnails/icon_accessibility__giv38typ9i62_large_2x.png","width":152,"height":156,"length":3746,"type":"png"},"folderId":null,"usages":["37677634"]},{"id":"user-image-icon_environment__fergo8dly02u_large_2x.png","publicUrl":"np://user.desktop.nicepage.com/Site_53869488/images/icon_environment__fergo8dly02u_large_2x.png","size":2157,"hash":"nCh80AnKEc+fV4UONZi83y0QQEM=","fileName":"icon_environment__fergo8dly02u_large_2x.png","name":"icon_environment__fergo8dly02u_large_2x","width":152,"height":156,"thumbnail":{"url":"np://user.desktop.nicepage.com/Site_53869488/images/thumbnails/icon_environment__fergo8dly02u_large_2x.png","width":152,"height":156,"length":2157,"type":"png"},"folderId":null,"usages":["37677634"]},{"id":"user-image-icon_privacy__11f8suqnrqai_large_2x.png","publicUrl":"np://user.desktop.nicepage.com/Site_53869488/images/icon_privacy__11f8suqnrqai_large_2x.png","size":3285,"hash":"ozSQvVzObBYPV+Wk1LE6XEv8uhE=","fileName":"icon_privacy__11f8suqnrqai_large_2x.png","name":"icon_privacy__11f8suqnrqai_large_2x","width":152,"height":156,"thumbnail":{"url":"np://user.desktop.nicepage.com/Site_53869488/images/thumbnails/icon_privacy__11f8suqnrqai_large_2x.png","width":152,"height":156,"length":3285,"type":"png"},"folderId":null,"usages":["37677634"]},{"id":"user-image-27223.png","publicUrl":"np://user.desktop.nicepage.com/Site_53869488/images/27223.png","size":1595,"hash":"fJXYWZnH2a6O8s4EOQPVi3gGTL4=","fileName":"27223.png","name":"27223","width":128,"height":128,"thumbnail":{"url":"np://user.desktop.nicepage.com/Site_53869488/images/thumbnails/27223.png","width":128,"height":128,"length":1595,"type":"png"},"folderId":null,"usages":["37677634"]},{"id":"user-image-duke_university_startframe__ba13o9oe3eg2_large_2x.jpg","publicUrl":"np://user.desktop.nicepage.com/Site_53869488/images/duke_university_startframe__ba13o9oe3eg2_large_2x.jpg","size":209446,"hash":"Eo6JeBeEM8630UfRCFxzlWdVoRI=","fileName":"duke_university_startframe__ba13o9oe3eg2_large_2x.jpg","name":"duke_university_startframe__ba13o9oe3eg2_large_2x","width":1160,"height":652,"thumbnail":{"url":"np://user.desktop.nicepage.com/Site_53869488/images/thumbnails/duke_university_startframe__ba13o9oe3eg2_large_2x.jpg","width":250,"height":141},"folderId":null,"usages":["37677634"]},{"id":"user-image-992651.png","publicUrl":"np://user.desktop.nicepage.com/Site_53869488/images/992651.png","size":3631,"hash":"vx3m5/Y97WMauJHjgRinxwu+qJk=","fileName":"992651.png","name":"992651","width":128,"height":128,"thumbnail":{"url":"np://user.desktop.nicepage.com/Site_53869488/images/thumbnails/992651.png","width":128,"height":128,"length":3631,"type":"png"},"folderId":null,"usages":["37677634"]},{"id":"user-image-kentucky__fcxjvi1ln6ye_large_2x.jpg","publicUrl":"np://user.desktop.nicepage.com/Site_53869488/images/kentucky__fcxjvi1ln6ye_large_2x.jpg","size":615718,"hash":"bmBZ8nevcZtRt5W7dbAlxjGVW+I=","fileName":"kentucky__fcxjvi1ln6ye_large_2x.jpg","name":"kentucky__fcxjvi1ln6ye_large_2x","width":2400,"height":1350,"thumbnail":{"url":"np://user.desktop.nicepage.com/Site_53869488/images/thumbnails/kentucky__fcxjvi1ln6ye_large_2x.jpg","width":250,"height":141},"folderId":null,"usages":["37677634"]},{"id":"user-image-deployment_architects__cff1v4pt9nhy_large_2x.jpg","publicUrl":"np://user.desktop.nicepage.com/Site_53869488/images/deployment_architects__cff1v4pt9nhy_large_2x.jpg","size":562979,"hash":"v1z6fkSNngmSiI3k86gAAZMmZ54=","fileName":"deployment_architects__cff1v4pt9nhy_large_2x.jpg","name":"deployment_architects__cff1v4pt9nhy_large_2x","width":3500,"height":1372,"thumbnail":{"url":"np://user.desktop.nicepage.com/Site_53869488/images/thumbnails/deployment_architects__cff1v4pt9nhy_large_2x.jpg","width":250,"height":98},"folderId":null,"usages":["37677634"]},{"id":"user-image-products_apple_tv_siri_remote__ddmkgdsb662q_large_2x.jpg","publicUrl":"np://user.desktop.nicepage.com/Site_53869488/images/products_apple_tv_siri_remote__ddmkgdsb662q_large_2x.jpg","size":21112,"hash":"uXT2gPBGtd7hjshBJrAwZoZBVHg=","fileName":"products_apple_tv_siri_remote__ddmkgdsb662q_large_2x.jpg","name":"products_apple_tv_siri_remote__ddmkgdsb662q_large_2x","width":612,"height":532,"thumbnail":{"url":"np://user.desktop.nicepage.com/Site_53869488/images/thumbnails/products_apple_tv_siri_remote__ddmkgdsb662q_large_2x.jpg","width":250,"height":217},"folderId":null,"usages":["37677634"]},{"id":"user-image-icon_complete_anatomy__bsr1ui55zriu_large_2x.png","publicUrl":"np://user.desktop.nicepage.com/Site_53869488/images/icon_complete_anatomy__bsr1ui55zriu_large_2x.png","size":6936,"hash":"iI7lg3K7MDURBY1PLAa39TdrGvk=","fileName":"icon_complete_anatomy__bsr1ui55zriu_large_2x.png","name":"icon_complete_anatomy__bsr1ui55zriu_large_2x","width":64,"height":64,"thumbnail":{"url":"np://user.desktop.nicepage.com/Site_53869488/images/thumbnails/icon_complete_anatomy__bsr1ui55zriu_large_2x.png","width":64,"height":64,"length":6936,"type":"png"},"folderId":null,"usages":[]},{"id":"user-image-products_tv__dp6lbc5wmtea_large_2x.jpg","publicUrl":"np://user.desktop.nicepage.com/Site_53869488/images/products_tv__dp6lbc5wmtea_large_2x.jpg","size":453347,"hash":"aUN0n5xVn0mMDZhw2Zj2ZnCNNls=","fileName":"products_tv__dp6lbc5wmtea_large_2x.jpg","name":"products_tv__dp6lbc5wmtea_large_2x","width":1960,"height":1184,"thumbnail":{"url":"np://user.desktop.nicepage.com/Site_53869488/images/thumbnails/products_tv__dp6lbc5wmtea_large_2x.jpg","width":250,"height":151},"folderId":null,"usages":["37677634"]},{"id":"user-image-icon_morpholio_trace__9fk3jmj7lci6_large_2x.png","publicUrl":"np://user.desktop.nicepage.com/Site_53869488/images/icon_morpholio_trace__9fk3jmj7lci6_large_2x.png","size":4703,"hash":"G6UgArsUfJzH0x+j8tRwkqQLtMY=","fileName":"icon_morpholio_trace__9fk3jmj7lci6_large_2x.png","name":"icon_morpholio_trace__9fk3jmj7lci6_large_2x","width":64,"height":64,"thumbnail":{"url":"np://user.desktop.nicepage.com/Site_53869488/images/thumbnails/icon_morpholio_trace__9fk3jmj7lci6_large_2x.png","width":64,"height":64,"length":4703,"type":"png"},"folderId":null,"usages":[]},{"id":"user-image-products_ipad__b4py81nkpsly_large_2x.jpg","publicUrl":"np://user.desktop.nicepage.com/Site_53869488/images/products_ipad__b4py81nkpsly_large_2x.jpg","size":300124,"hash":"YdjUBBTjMM+lAyOIu/qrCKAyb7c=","fileName":"products_ipad__b4py81nkpsly_large_2x.jpg","name":"products_ipad__b4py81nkpsly_large_2x","width":1778,"height":1618,"thumbnail":{"url":"np://user.desktop.nicepage.com/Site_53869488/images/thumbnails/products_ipad__b4py81nkpsly_large_2x.jpg","width":250,"height":228},"folderId":null,"usages":["37677634"]},{"id":"user-image-icon_maya__fh1j7i5jym62_large_2x.png","publicUrl":"np://user.desktop.nicepage.com/Site_53869488/images/icon_maya__fh1j7i5jym62_large_2x.png","size":4220,"hash":"ZfpwIM97kSWN2Ria90SmAs4sJ7U=","fileName":"icon_maya__fh1j7i5jym62_large_2x.png","name":"icon_maya__fh1j7i5jym62_large_2x","width":64,"height":64,"thumbnail":{"url":"np://user.desktop.nicepage.com/Site_53869488/images/thumbnails/icon_maya__fh1j7i5jym62_large_2x.png","width":64,"height":64,"length":4220,"type":"png"},"folderId":null,"usages":["37677634"]},{"id":"user-image-products_macbook__06dc7nvmx5uu_large_2x.jpg","publicUrl":"np://user.desktop.nicepage.com/Site_53869488/images/products_macbook__06dc7nvmx5uu_large_2x.jpg","size":511449,"hash":"LBu5Tn9CwEBCD59shHfRQxntmA4=","fileName":"products_macbook__06dc7nvmx5uu_large_2x.jpg","name":"products_macbook__06dc7nvmx5uu_large_2x","width":2316,"height":1376,"thumbnail":{"url":"np://user.desktop.nicepage.com/Site_53869488/images/thumbnails/products_macbook__06dc7nvmx5uu_large_2x.jpg","width":250,"height":149},"folderId":null,"usages":["37677634"]},{"id":"user-image-hero__ebxx5f9ked8i_large_2x.jpg","publicUrl":"np://user.desktop.nicepage.com/Site_53869488/images/hero__ebxx5f9ked8i_large_2x.jpg","size":1580492,"hash":"oKOCifWlMYGi0ka3qDdtgpQ4jc8=","fileName":"hero__ebxx5f9ked8i_large_2x.jpg","name":"hero__ebxx5f9ked8i_large_2x","width":3888,"height":2484,"thumbnail":{"url":"np://user.desktop.nicepage.com/Site_53869488/images/thumbnails/hero__ebxx5f9ked8i_large_2x.jpg","width":250,"height":160},"folderId":null,"usages":["37677634"]},{"id":"user-image-productivity_portrait__bj4qm70qmxaq_large_2x.jpg","publicUrl":"np://user.desktop.nicepage.com/Site_53869488/images/productivity_portrait__bj4qm70qmxaq_large_2x.jpg","size":52767,"hash":"SRkCTMrfITHRgtvBpzTlWy0hCNg=","fileName":"productivity_portrait__bj4qm70qmxaq_large_2x.jpg","name":"productivity_portrait__bj4qm70qmxaq_large_2x","width":468,"height":468,"thumbnail":{"url":"np://user.desktop.nicepage.com/Site_53869488/images/thumbnails/productivity_portrait__bj4qm70qmxaq_large_2x.jpg","width":250,"height":250},"folderId":null,"usages":["36242004"]},{"id":"user-image-productivity_iphone_projects__3rxkwmsu0wi6_large_2x.png","publicUrl":"np://user.desktop.nicepage.com/Site_53869488/images/productivity_iphone_projects__3rxkwmsu0wi6_large_2x.png","size":117682,"hash":"BoyRzCOvtJJtCtGMgIwPqIU9pQY=","fileName":"productivity_iphone_projects__3rxkwmsu0wi6_large_2x.png","name":"productivity_iphone_projects__3rxkwmsu0wi6_large_2x","width":424,"height":851,"thumbnail":{"url":"np://user.desktop.nicepage.com/Site_53869488/images/thumbnails/productivity_iphone_projects__3rxkwmsu0wi6_large_2x.png","width":125,"height":250},"folderId":null,"usages":["36242004"]},{"id":"user-image-productivity_ipad_projects__dkxamk0yqfau_large_2x.jpg","publicUrl":"np://user.desktop.nicepage.com/Site_53869488/images/productivity_ipad_projects__dkxamk0yqfau_large_2x.jpg","size":274412,"hash":"P6MRSSsOR5Ga16zDVZ9U5vBxOtU=","fileName":"productivity_ipad_projects__dkxamk0yqfau_large_2x.jpg","name":"productivity_ipad_projects__dkxamk0yqfau_large_2x","width":1438,"height":1041,"thumbnail":{"url":"np://user.desktop.nicepage.com/Site_53869488/images/thumbnails/productivity_ipad_projects__dkxamk0yqfau_large_2x.jpg","width":250,"height":181},"folderId":null,"usages":["36242004","294722336"]},{"id":"user-image-productivity_iphone_back__datzccap80ia_large_2x.png","publicUrl":"np://user.desktop.nicepage.com/Site_53869488/images/productivity_iphone_back__datzccap80ia_large_2x.png","size":341100,"hash":"Ucqomj3Ui61hwkmyGZuvh19pFi8=","fileName":"productivity_iphone_back__datzccap80ia_large_2x.png","name":"productivity_iphone_back__datzccap80ia_large_2x","width":426,"height":855,"thumbnail":{"url":"np://user.desktop.nicepage.com/Site_53869488/images/thumbnails/productivity_iphone_back__datzccap80ia_large_2x.png","width":125,"height":250},"folderId":null,"usages":["36242004"]},{"id":"user-image-31714.png","publicUrl":"np://user.desktop.nicepage.com/Site_53869488/images/31714.png","size":2410,"hash":"vqOh0MeTo7QzGul+F3CHdTugNKY=","fileName":"31714.png","name":"31714","width":128,"height":128,"thumbnail":{"url":"np://user.desktop.nicepage.com/Site_53869488/images/thumbnails/31714.png","width":128,"height":128,"length":2410,"type":"png"},"folderId":null,"usages":["36242004"]},{"id":"user-image-5992900.png","publicUrl":"np://user.desktop.nicepage.com/Site_53869488/images/5992900.png","size":1442,"hash":"VTCDFftHvlywf6qBJKZ7eBTIqsQ=","fileName":"5992900.png","name":"5992900","width":128,"height":128,"thumbnail":{"url":"np://user.desktop.nicepage.com/Site_53869488/images/thumbnails/5992900.png","width":128,"height":128,"length":1442,"type":"png"},"folderId":null,"usages":["36242004"]},{"id":"user-image-664886.png","publicUrl":"np://user.desktop.nicepage.com/Site_53869488/images/664886.png","size":1143,"hash":"XCSKZVd7Lr6S/DnOrIQ32MNyvj8=","fileName":"664886.png","name":"664886","width":128,"height":128,"thumbnail":{"url":"np://user.desktop.nicepage.com/Site_53869488/images/thumbnails/664886.png","width":128,"height":128,"length":1143,"type":"png"},"folderId":null,"usages":["36242004"]},{"id":"user-image-64722.png","publicUrl":"np://user.desktop.nicepage.com/Site_53869488/images/64722.png","size":3488,"hash":"AUfgvZIWu7/AxFgRFsvkaB+yVfc=","fileName":"64722.png","name":"64722","width":128,"height":128,"thumbnail":{"url":"np://user.desktop.nicepage.com/Site_53869488/images/thumbnails/64722.png","width":128,"height":128,"length":3488,"type":"png"},"folderId":null,"usages":["36242004"]},{"id":"user-image-ipad-air.jpg","publicUrl":"np://user.desktop.nicepage.com/Site_53869488/images/ipad-air.jpg","size":120551,"hash":"hwqMkGRtM4XLjPIlVHsXl5wwfnk=","fileName":"ipad-air.jpg","name":"ipad-air","width":1040,"height":1438,"thumbnail":{"url":"np://user.desktop.nicepage.com/Site_53869488/images/thumbnails/ipad-air.jpg","width":181,"height":250},"folderId":null,"usages":["36242004"]},{"id":"user-image-performance_mac_office__bxsro3c0aoia_large_2x.jpg","publicUrl":"np://user.desktop.nicepage.com/Site_53869488/images/performance_mac_office__bxsro3c0aoia_large_2x.jpg","size":385861,"hash":"+a/FlvQ1CN2ODAIflJ5mb3s8gcw=","fileName":"performance_mac_office__bxsro3c0aoia_large_2x.jpg","name":"performance_mac_office__bxsro3c0aoia_large_2x","width":2057,"height":1246,"thumbnail":{"url":"np://user.desktop.nicepage.com/Site_53869488/images/thumbnails/performance_mac_office__bxsro3c0aoia_large_2x.jpg","width":250,"height":151},"folderId":null,"usages":["36242004"]},{"id":"user-image-271228.png","publicUrl":"np://user.desktop.nicepage.com/Site_53869488/images/271228.png","size":811,"hash":"L9pcwP6p3Uom6neH/Nn6PoS2d0Q=","fileName":"271228.png","name":"271228","width":128,"height":128,"thumbnail":{"url":"np://user.desktop.nicepage.com/Site_53869488/images/thumbnails/271228.png","width":128,"height":128,"length":811,"type":"png"},"folderId":null,"usages":["36242004","37677634","294722336"]},{"id":"user-image-performance_mac_processors__b7nymsvpxuly_large_2x.jpg","publicUrl":"np://user.desktop.nicepage.com/Site_53869488/images/performance_mac_processors__b7nymsvpxuly_large_2x.jpg","size":584361,"hash":"r7DKoGiCcPXYZobyodenrj4UGB8=","fileName":"performance_mac_processors__b7nymsvpxuly_large_2x.jpg","name":"performance_mac_processors__b7nymsvpxuly_large_2x","width":2366,"height":1456,"thumbnail":{"url":"np://user.desktop.nicepage.com/Site_53869488/images/thumbnails/performance_mac_processors__b7nymsvpxuly_large_2x.jpg","width":250,"height":154},"folderId":null,"usages":["36242004"]},{"id":"user-image-productivity_pencil__c9jxyyhe70gi_large_2x.png","publicUrl":"np://user.desktop.nicepage.com/Site_53869488/images/productivity_pencil__c9jxyyhe70gi_large_2x.png","size":13143,"hash":"WlFnG5MkEchId4GQImUiJgir15E=","fileName":"productivity_pencil__c9jxyyhe70gi_large_2x.png","name":"productivity_pencil__c9jxyyhe70gi_large_2x","width":960,"height":56,"thumbnail":{"url":"np://user.desktop.nicepage.com/Site_53869488/images/thumbnails/productivity_pencil__c9jxyyhe70gi_large_2x.png","width":250,"height":15},"folderId":null,"usages":["36242004"]},{"id":"user-image-iphon-chemistry.jpg","publicUrl":"np://user.desktop.nicepage.com/Site_53869488/images/iphon-chemistry.jpg","size":69179,"hash":"5U33K8nU+LR6LlYX3zq4scUnl4k=","fileName":"iphon-chemistry.jpg","name":"iphon-chemistry","width":435,"height":859,"thumbnail":{"url":"np://user.desktop.nicepage.com/Site_53869488/images/thumbnails/iphon-chemistry.jpg","width":127,"height":250},"folderId":null,"usages":["36242004"]},{"id":"user-image-ipad-chemistry.jpg","publicUrl":"np://user.desktop.nicepage.com/Site_53869488/images/ipad-chemistry.jpg","size":196841,"hash":"6x8DiVhDjExh2KbPm32rDutmLWA=","fileName":"ipad-chemistry.jpg","name":"ipad-chemistry","width":1055,"height":1451,"thumbnail":{"url":"np://user.desktop.nicepage.com/Site_53869488/images/thumbnails/ipad-chemistry.jpg","width":182,"height":250},"folderId":null,"usages":["36242004"]},{"id":"user-image-mac.jpg","publicUrl":"np://user.desktop.nicepage.com/Site_53869488/images/mac.jpg","size":3357,"hash":"VEikJWknbKLHY656wF86RcgehhE=","fileName":"mac.jpg","name":"mac","width":174,"height":122,"thumbnail":{"url":"np://user.desktop.nicepage.com/Site_53869488/images/thumbnails/mac.jpg","height":122,"width":174,"length":3357,"type":"jpg"},"folderId":null,"usages":["36242004"]},{"id":"user-image-buy_student_plan__xj2s8vkfvkyi_medium_2x.jpg","publicUrl":"np://user.desktop.nicepage.com/Site_53869488/images/buy_student_plan__xj2s8vkfvkyi_medium_2x.jpg","size":35927,"hash":"I9kLapYW1w6syOemM1qAkUCfeUs=","fileName":"buy_student_plan__xj2s8vkfvkyi_medium_2x.jpg","name":"buy_student_plan__xj2s8vkfvkyi_medium_2x","width":398,"height":288,"thumbnail":{"url":"np://user.desktop.nicepage.com/Site_53869488/images/thumbnails/buy_student_plan__xj2s8vkfvkyi_medium_2x.jpg","width":250,"height":181},"folderId":null,"usages":["36242004"]},{"id":"user-image-1_hmtEaK0CGRMmd0PBfZFBjg.webp","publicUrl":"np://user.desktop.nicepage.com/Site_53869488/images/1_hmtEaK0CGRMmd0PBfZFBjg.webp","size":92106,"fileName":"1_hmtEaK0CGRMmd0PBfZFBjg.webp","name":"1_hmtEaK0CGRMmd0PBfZFBjg","width":1500,"height":910,"thumbnail":{"url":"np://user.desktop.nicepage.com/Site_53869488/images/1_hmtEaK0CGRMmd0PBfZFBjg.webp","width":250,"height":152},"usages":["294722336"]},{"id":"user-image-3179068.png","publicUrl":"np://user.desktop.nicepage.com/Site_53869488/images/3179068.png","size":2372,"fileName":"3179068.png","name":"3179068","width":128,"height":128,"thumbnail":{"url":"np://user.desktop.nicepage.com/Site_53869488/images/thumbnails/3179068.png","width":128,"height":128,"length":2372},"originalUrl":"https://assets.nicepagecdn.com/d2cc3eaa/460597/images/3179068.png","usages":["3022829776"]},{"id":"user-image-3423.jpg","publicUrl":"np://user.desktop.nicepage.com/Site_53869488/images/3423.jpg","size":59296,"fileName":"3423.jpg","name":"3423","width":417,"height":626,"thumbnail":{"url":"np://user.desktop.nicepage.com/Site_53869488/images/thumbnails/3423.jpg","width":167,"height":250},"originalUrl":"https://assets.nicepagecdn.com/d2cc3eaa/460597/images/3423.jpg","usages":["3022829776"]},{"id":"user-image-53.jpg","publicUrl":"np://user.desktop.nicepage.com/Site_53869488/images/53.jpg","size":42371,"fileName":"53.jpg","name":"53","width":417,"height":626,"thumbnail":{"url":"np://user.desktop.nicepage.com/Site_53869488/images/thumbnails/53.jpg","width":167,"height":250},"originalUrl":"https://assets.nicepagecdn.com/d2cc3eaa/460597/images/53.jpg","usages":["3022829776"]},{"id":"user-image-5456.jpg","publicUrl":"np://user.desktop.nicepage.com/Site_53869488/images/5456.jpg","size":153430,"fileName":"5456.jpg","name":"5456","width":1134,"height":920,"thumbnail":{"url":"np://user.desktop.nicepage.com/Site_53869488/images/thumbnails/5456.jpg","width":250,"height":203},"originalUrl":"https://assets.nicepagecdn.com/d2cc3eaa/460597/images/5456.jpg","usages":["3022829776"]},{"id":"user-image-546.jpg","publicUrl":"np://user.desktop.nicepage.com/Site_53869488/images/546.jpg","size":155554,"fileName":"546.jpg","name":"546","width":740,"height":1110,"thumbnail":{"url":"np://user.desktop.nicepage.com/Site_53869488/images/thumbnails/546.jpg","width":167,"height":250},"originalUrl":"https://assets.nicepagecdn.com/d2cc3eaa/460597/images/546.jpg","usages":["3022829776"]},{"id":"user-image-54634w66.jpg","publicUrl":"np://user.desktop.nicepage.com/Site_53869488/images/54634w66.jpg","size":159762,"fileName":"54634w66.jpg","name":"54634w66","width":740,"height":1110,"thumbnail":{"url":"np://user.desktop.nicepage.com/Site_53869488/images/thumbnails/54634w66.jpg","width":167,"height":250},"originalUrl":"https://assets.nicepagecdn.com/d2cc3eaa/460597/images/54634w66.jpg","usages":["3022829776"]},{"id":"user-image-567.jpg","publicUrl":"np://user.desktop.nicepage.com/Site_53869488/images/567.jpg","size":147011,"fileName":"567.jpg","name":"567","width":1134,"height":920,"thumbnail":{"url":"np://user.desktop.nicepage.com/Site_53869488/images/thumbnails/567.jpg","width":250,"height":203},"originalUrl":"https://assets.nicepagecdn.com/d2cc3eaa/460597/images/567.jpg","usages":["3022829776"]},{"id":"user-image-597177.png","publicUrl":"np://user.desktop.nicepage.com/Site_53869488/images/597177.png","size":2660,"fileName":"597177.png","name":"597177","width":128,"height":128,"thumbnail":{"url":"np://user.desktop.nicepage.com/Site_53869488/images/thumbnails/597177.png","width":128,"height":128,"length":2660},"originalUrl":"https://assets.nicepagecdn.com/d2cc3eaa/460597/images/597177.png","usages":["3022829776"]},{"id":"user-image-675756.jpg","publicUrl":"np://user.desktop.nicepage.com/Site_53869488/images/675756.jpg","size":157903,"fileName":"675756.jpg","name":"675756","width":740,"height":1110,"thumbnail":{"url":"np://user.desktop.nicepage.com/Site_53869488/images/thumbnails/675756.jpg","width":167,"height":250},"originalUrl":"https://assets.nicepagecdn.com/d2cc3eaa/460597/images/675756.jpg","usages":["3022829776"]},{"id":"user-image-8682281.png","publicUrl":"np://user.desktop.nicepage.com/Site_53869488/images/8682281.png","size":2699,"fileName":"8682281.png","name":"8682281","width":128,"height":128,"thumbnail":{"url":"np://user.desktop.nicepage.com/Site_53869488/images/thumbnails/8682281.png","width":128,"height":128,"length":2699},"originalUrl":"https://assets.nicepagecdn.com/d2cc3eaa/460597/images/8682281.png","usages":["3022829776"]},{"id":"user-image-9df29834-099f-2727-519e-9311974215d2.jpg","publicUrl":"np://user.desktop.nicepage.com/Site_53869488/images/9df29834-099f-2727-519e-9311974215d2.jpg","size":49931,"fileName":"9df29834-099f-2727-519e-9311974215d2.jpg","name":"9df29834-099f-2727-519e-9311974215d2","width":934,"height":1080,"thumbnail":{"url":"np://user.desktop.nicepage.com/Site_53869488/images/thumbnails/9df29834-099f-2727-519e-9311974215d2.jpg","width":216,"height":250},"originalUrl":"//images01.nicepagecdn.com/c461c07a441a5d220e8feb1a/0535fbfe86f55ca9ba22d4ae/9df29834-099f-2727-519e-9311974215d2.jpg","usages":["3022829776"]},{"id":"user-image-Untitled-1.jpg","publicUrl":"np://user.desktop.nicepage.com/Site_53869488/images/Untitled-1.jpg","size":50656,"fileName":"Untitled-1.jpg","name":"Untitled-1","width":417,"height":626,"thumbnail":{"url":"np://user.desktop.nicepage.com/Site_53869488/images/thumbnails/Untitled-1.jpg","width":167,"height":250},"originalUrl":"https://assets.nicepagecdn.com/d2cc3eaa/460597/images/Untitled-1.jpg","usages":["3022829776"]},{"id":"user-image-Untitled-41.jpg","publicUrl":"np://user.desktop.nicepage.com/Site_53869488/images/Untitled-41.jpg","size":156378,"fileName":"Untitled-41.jpg","name":"Untitled-41","width":1380,"height":920,"thumbnail":{"url":"np://user.desktop.nicepage.com/Site_53869488/images/thumbnails/Untitled-41.jpg","width":250,"height":167},"originalUrl":"https://assets.nicepagecdn.com/d2cc3eaa/460597/images/Untitled-41.jpg","usages":["3022829776"]},{"id":"user-image-brooke-cagle-g1Kr4Ozfoac-unsplash.jpg","publicUrl":"np://user.desktop.nicepage.com/Site_53869488/images/brooke-cagle-g1Kr4Ozfoac-unsplash.jpg","size":382950,"fileName":"brooke-cagle-g1Kr4Ozfoac-unsplash.jpg","name":"brooke-cagle-g1Kr4Ozfoac-unsplash","width":1920,"height":1280,"thumbnail":{"url":"np://user.desktop.nicepage.com/Site_53869488/images/thumbnails/brooke-cagle-g1Kr4Ozfoac-unsplash.jpg","width":250,"height":167},"usages":["36242004"]},{"id":"user-image-ggg-min.jpg","publicUrl":"np://user.desktop.nicepage.com/Site_53869488/images/ggg-min.jpg","size":121922,"fileName":"ggg-min.jpg","name":"ggg-min","width":1500,"height":1015,"thumbnail":{"url":"np://user.desktop.nicepage.com/Site_53869488/images/thumbnails/ggg-min.jpg","width":250,"height":169},"originalUrl":"//images01.nicepagecdn.com/c461c07a441a5d220e8feb1a/5288b06665f45aa6a92f91b8/ggg-min.jpg","usages":["3022829776"]},{"id":"user-image-guy-shows-document-girl-group-yo.jpg","publicUrl":"np://user.desktop.nicepage.com/Site_53869488/images/guy-shows-document-girl-group-yo.jpg","size":375567,"fileName":"guy-shows-document-girl-group-yo.jpg","name":"guy-shows-document-girl-group-yo","width":1200,"height":1200,"thumbnail":{"url":"np://user.desktop.nicepage.com/Site_53869488/images/thumbnails/guy-shows-document-girl-group-yo.jpg","width":250,"height":250},"originalUrl":"https://assets.nicepagecdn.com/d2cc3eaa/460597/images/guy-shows-document-girl-group-yo.jpg","usages":["3022829776"]},{"id":"user-image-photo-1496851473196-e26508c21494.jpg","publicUrl":"np://user.desktop.nicepage.com/Site_53869488/images/photo-1496851473196-e26508c21494.jpg","size":77248,"fileName":"photo-1496851473196-e26508c21494.jpg","name":"photo-1496851473196-e26508c21494","width":500,"height":667,"thumbnail":{"url":"np://user.desktop.nicepage.com/Site_53869488/images/thumbnails/photo-1496851473196-e26508c21494.jpg","width":187,"height":250},"originalUrl":"//images01.nicepagecdn.com/c461c07a441a5d220e8feb1a/bc7a53e4628e56de9d7340d3/photo-1496851473196-e26508c21494.jpg","usages":["3022829776"]},{"id":"user-image-proBg-air2-pc.jpg","publicUrl":"np://user.desktop.nicepage.com/Site_53869488/images/proBg-air2-pc.jpg","size":153171,"fileName":"proBg-air2-pc.jpg","name":"proBg-air2-pc","width":2880,"height":1620,"thumbnail":{"url":"np://user.desktop.nicepage.com/Site_53869488/images/thumbnails/proBg-air2-pc.jpg","width":250,"height":141},"usages":["3022829776"]},{"id":"user-image-q3452q3.jpg","publicUrl":"np://user.desktop.nicepage.com/Site_53869488/images/q3452q3.jpg","size":197707,"fileName":"q3452q3.jpg","name":"q3452q3","width":1380,"height":920,"thumbnail":{"url":"np://user.desktop.nicepage.com/Site_53869488/images/thumbnails/q3452q3.jpg","width":250,"height":167},"originalUrl":"https://assets.nicepagecdn.com/d2cc3eaa/460597/images/q3452q3.jpg","usages":["3022829776"]},{"id":"user-image-t34543.jpg","publicUrl":"np://user.desktop.nicepage.com/Site_53869488/images/t34543.jpg","size":166541,"fileName":"t34543.jpg","name":"t34543","width":740,"height":1109,"thumbnail":{"url":"np://user.desktop.nicepage.com/Site_53869488/images/thumbnails/t34543.jpg","width":167,"height":250},"originalUrl":"https://assets.nicepagecdn.com/d2cc3eaa/1966444/images/t34543.jpg","usages":["3022829776"]},{"id":"user-image-vbvbbv.jpg","publicUrl":"np://user.desktop.nicepage.com/Site_53869488/images/vbvbbv.jpg","size":226691,"fileName":"vbvbbv.jpg","name":"vbvbbv","width":1000,"height":1000,"thumbnail":{"url":"np://user.desktop.nicepage.com/Site_53869488/images/thumbnails/vbvbbv.jpg","width":250,"height":250},"originalUrl":"//images01.nicepagecdn.com/c461c07a441a5d220e8feb1a/c3cb3296cea650ca84a077cc/vbvbbv.jpg","usages":["3022829776"]}]