[{"id":964905624,"title":"Blog Template","order":1,"templateKey":"blog","customTemplate":false,"customTemplateFilename":null,"pageLinks":[],"dateCreated":"2023-11-30T06:38:46.568Z","dateUpdated":"2023-11-30T06:38:52.705Z","folderId":null,"pageName":"Blog Template","serverPageId":null,"sectionCount":1,"status":2,"backwardUrl":null},{"id":292383775,"title":"Post Template","order":2,"templateKey":"post","customTemplate":false,"customTemplateFilename":null,"pageLinks":[],"dateCreated":"2023-11-30T06:38:47.123Z","dateUpdated":"2023-11-30T06:38:52.707Z","folderId":null,"pageName":"Post Template","serverPageId":null,"sectionCount":1,"status":2,"backwardUrl":null},{"id":251819710,"title":"Product List Template","order":3,"templateKey":"products","customTemplate":false,"customTemplateFilename":null,"pageLinks":[],"dateCreated":"2023-11-30T06:38:47.511Z","dateUpdated":"2023-11-30T07:14:29.770Z","folderId":null,"pageName":"Product List Template","serverPageId":null,"sectionCount":1,"status":2,"backwardUrl":null},{"id":2901906275,"title":"Product Details Template","order":4,"templateKey":"product","customTemplate":false,"customTemplateFilename":null,"pageLinks":[],"dateCreated":"2023-11-30T06:38:47.942Z","dateUpdated":"2023-11-30T06:38:52.708Z","folderId":null,"pageName":"Product Details Template","serverPageId":null,"sectionCount":1,"status":2,"backwardUrl":null},{"id":60967625,"title":"Shopping Cart Template","order":5,"templateKey":"cart","customTemplate":false,"customTemplateFilename":null,"pageLinks":[],"dateCreated":"2023-11-30T06:38:48.364Z","dateUpdated":"2023-11-30T06:38:52.708Z","folderId":null,"pageName":"Shopping Cart Template","serverPageId":null,"sectionCount":1,"status":2,"backwardUrl":null},{"id":373514018,"title":"Checkout Template","order":6,"templateKey":"checkout","customTemplate":false,"customTemplateFilename":null,"pageLinks":[],"dateCreated":"2023-11-30T06:38:49.075Z","dateUpdated":"2023-11-30T06:38:52.709Z","folderId":null,"pageName":"Checkout Template","serverPageId":null,"sectionCount":1,"status":2,"backwardUrl":null},{"id":55287501,"title":"Login Template","order":7,"templateKey":"login","customTemplate":false,"customTemplateFilename":null,"pageLinks":[],"dateCreated":"2023-11-30T06:38:49.429Z","dateUpdated":"2023-11-30T06:38:52.710Z","folderId":null,"pageName":"Login Template","serverPageId":null,"sectionCount":1,"status":2,"backwardUrl":null},{"id":97472094,"title":"Page Password Template","order":8,"templateKey":"password","customTemplate":false,"customTemplateFilename":null,"pageLinks":[],"dateCreated":"2023-11-30T06:38:49.746Z","dateUpdated":"2023-11-30T06:38:52.710Z","folderId":null,"pageName":"Page Password Template","serverPageId":null,"sectionCount":1,"status":2,"backwardUrl":null},{"id":260921098,"title":"404 Not Found Template","order":9,"templateKey":"404","customTemplate":false,"customTemplateFilename":null,"pageLinks":[],"dateCreated":"2023-11-30T06:38:50.045Z","dateUpdated":"2023-11-30T06:38:52.710Z","folderId":null,"pageName":"404 Not Found Template","serverPageId":null,"sectionCount":1,"status":2,"backwardUrl":null},{"id":919330292,"title":"Thank You Page Template","order":10,"templateKey":"ThankYou","customTemplate":false,"customTemplateFilename":null,"pageLinks":[],"dateCreated":"2023-11-30T06:38:50.330Z","dateUpdated":"2023-11-30T06:38:52.710Z","folderId":null,"pageName":"Thank You Page Template","serverPageId":null,"sectionCount":1,"status":2,"backwardUrl":null},{"id":176924562,"title":"Home2","order":50,"templateKey":null,"customTemplate":false,"customTemplateFilename":null,"pageLinks":[],"dateCreated":"2023-11-30T06:38:54.383Z","dateUpdated":"2023-11-30T07:05:22.959Z","folderId":null,"pageName":"Home2_176924562","serverPageId":null,"sectionCount":12,"status":2,"backwardUrl":null},{"id":690026644,"title":"About","order":100,"templateKey":null,"customTemplate":false,"customTemplateFilename":null,"pageLinks":[],"dateCreated":"2023-11-30T06:38:50.745Z","dateUpdated":"2023-12-11T13:52:14.286Z","folderId":null,"pageName":"About_690026644","serverPageId":null,"sectionCount":1,"status":2,"backwardUrl":null},{"id":1627823530,"title":"Contact","order":101,"templateKey":null,"customTemplate":false,"customTemplateFilename":null,"pageLinks":[],"dateCreated":"2023-11-30T06:38:50.982Z","dateUpdated":"2023-11-30T06:38:52.710Z","folderId":null,"pageName":"Contact_1627823530","serverPageId":null,"sectionCount":1,"status":2,"backwardUrl":null},{"id":3022829776,"title":"home","order":104,"templateKey":null,"customTemplate":false,"customTemplateFilename":null,"pageLinks":[],"dateCreated":"2023-12-03T10:31:27.609Z","dateUpdated":"2023-12-13T07:28:15.929Z","folderId":null,"pageName":"home_3022829776","serverPageId":null,"sectionCount":8,"status":2,"backwardUrl":null},{"id":36242004,"title":"education","order":105,"templateKey":null,"customTemplate":false,"customTemplateFilename":null,"pageLinks":[],"dateCreated":"2023-12-09T07:21:07.014Z","dateUpdated":"2023-12-13T17:08:49.769Z","folderId":null,"pageName":"education_36242004","serverPageId":null,"sectionCount":11,"status":2,"backwardUrl":null},{"id":37677634,"title":"higher education","order":109,"templateKey":null,"customTemplate":false,"customTemplateFilename":null,"pageLinks":[],"dateCreated":"2023-12-13T07:39:33.139Z","dateUpdated":"2023-12-13T16:56:28.834Z","folderId":null,"pageName":"higher education_37677634","serverPageId":null,"sectionCount":11,"status":2,"backwardUrl":null}]